municipality,state,description,start_date,end_date
001,AGU,Aguascalientes,1/1/22,
001,BCN,Ensenada,1/1/22,
001,BCS,Comondú,1/1/22,
001,CAM,Calkiní,1/1/22,
001,COA,Abasolo,1/1/22,
001,COL,Armería,1/1/22,
001,CHH,Ahumada,1/1/22,
001,CHP,Acacoyagua,1/1/22,
001,DUR,Canatlán,1/1/22,
001,GRO,Acapulco de Juárez,1/1/22,
001,GUA,Abasolo,1/1/22,
001,HID,Acatlán,1/1/22,
001,JAL,Acatic,1/1/22,
001,MEX,Acambay de Ruíz Castañeda,1/1/22,
001,MIC,Acuitzio,1/1/22,
001,MOR,Amacuzac,1/1/22,
001,NAY,Acaponeta,1/1/22,
001,NLE,Abasolo,1/1/22,
001,OAX,Abejones,1/1/22,
001,PUE,Acajete,1/1/22,
001,QUE,Amealco de Bonfil,1/1/22,
001,ROO,Cozumel,1/1/22,
001,SIN,Ahome,1/1/22,
001,SLP,Ahualulco,1/1/22,
001,SON,Aconchi,1/1/22,
001,TAB,Balancán,1/1/22,
001,TAM,Abasolo,1/1/22,
001,TLA,Amaxac de Guerrero,1/1/22,
001,VER,Acajete,1/1/22,
001,YUC,Abalá,1/1/22,
001,ZAC,Apozol,1/1/22,
002,AGU,Asientos,1/1/22,
002,BCN,Mexicali,1/1/22,
002,BCS,Mulegé,1/1/22,
002,CAM,Campeche,1/1/22,
002,COA,Acuña,1/1/22,
002,COL,Colima,1/1/22,
002,CHH,Aldama,1/1/22,
002,CHP,Acala,1/1/22,
002,CMX,Azcapotzalco,1/1/22,
002,DUR,Canelas,1/1/22,
002,GRO,Ahuacuotzingo,1/1/22,
002,GUA,Acámbaro,1/1/22,
002,HID,Acaxochitlán,1/1/22,
002,JAL,Acatlán de Juárez,1/1/22,
002,MEX,Acolman,1/1/22,
002,MIC,Aguililla,1/1/22,
002,MOR,Atlatlahucan,1/1/22,
002,NAY,Ahuacatlán,1/1/22,
002,NLE,Agualeguas,1/1/22,
002,OAX,Acatlán de Pérez Figueroa,1/1/22,
002,PUE,Acateno,1/1/22,
002,QUE,Pinal de Amoles,1/1/22,
002,ROO,Felipe Carrillo Puerto,1/1/22,
002,SIN,Angostura,1/1/22,
002,SLP,Alaquines,1/1/22,
002,SON,Agua Prieta,1/1/22,
002,TAB,Cárdenas,1/1/22,
002,TAM,Aldama,1/1/22,
002,TLA,Apetatitlán de Antonio Carvajal,1/1/22,
002,VER,Acatlán,1/1/22,
002,YUC,Acanceh,1/1/22,
002,ZAC,Apulco,1/1/22,
003,AGU,Calvillo,1/1/22,
003,BCN,Tecate,1/1/22,
003,BCS,La Paz,1/1/22,
003,CAM,Carmen,1/1/22,
003,COA,Allende,1/1/22,
003,COL,Comala,1/1/22,
003,CHH,Allende,1/1/22,
003,CHP,Acapetahua,1/1/22,
003,CMX,Coyoacán,1/1/22,
003,DUR,Coneto de Comonfort,1/1/22,
003,GRO,Ajuchitlán del Progreso,1/1/22,
003,GUA,San Miguel de Allende,1/1/22,
003,HID,Actopan,1/1/22,
003,JAL,Ahualulco de Mercado,1/1/22,
003,MEX,Aculco,1/1/22,
003,MIC,Álvaro Obregón,1/1/22,
003,MOR,Axochiapan,1/1/22,
003,NAY,Amatlán de Cañas,1/1/22,
003,NLE,Los Aldamas,1/1/22,
003,OAX,Asunción Cacalotepec,1/1/22,
003,PUE,Acatlán,1/1/22,
003,QUE,Arroyo Seco,1/1/22,
003,ROO,Isla Mujeres,1/1/22,
003,SIN,Badiraguato,1/1/22,
003,SLP,Aquismón,1/1/22,
003,SON,Alamos,1/1/22,
003,TAB,Centla,1/1/22,
003,TAM,Altamira,1/1/22,
003,TLA,Atlangatepec,1/1/22,
003,VER,Acayucan,1/1/22,
003,YUC,Akil,1/1/22,
003,ZAC,Atolinga,1/1/22,
004,AGU,Cosío,1/1/22,
004,BCN,Tijuana,1/1/22,
004,CAM,Champotón,1/1/22,
004,COA,Arteaga,1/1/22,
004,COL,Coquimatlán,1/1/22,
004,CHH,Aquiles Serdán,1/1/22,
004,CHP,Altamirano,1/1/22,
004,CMX,Cuajimalpa de Morelos,1/1/22,
004,DUR,Cuencamé,1/1/22,
004,GRO,Alcozauca de Guerrero,1/1/22,
004,GUA,Apaseo el Alto,1/1/22,
004,HID,Agua Blanca de Iturbide,1/1/22,
004,JAL,Amacueca,1/1/22,
004,MEX,Almoloya de Alquisiras,1/1/22,
004,MIC,Angamacutiro,1/1/22,
004,MOR,Ayala,1/1/22,
004,NAY,Compostela,1/1/22,
004,NLE,Allende,1/1/22,
004,OAX,Asunción Cuyotepeji,1/1/22,
004,PUE,Acatzingo,1/1/22,
004,QUE,Cadereyta de Montes,1/1/22,
004,ROO,Othón P. Blanco,1/1/22,
004,SIN,Concordia,1/1/22,
004,SLP,Armadillo de los Infante,1/1/22,
004,SON,Altar,1/1/22,
004,TAB,Centro,1/1/22,
004,TAM,Antiguo Morelos,1/1/22,
004,TLA,Atltzayanca,1/1/22,
004,VER,Actopan,1/1/22,
004,YUC,Baca,1/1/22,
004,ZAC,Benito Juárez,1/1/22,
005,AGU,Jesús María,1/1/22,
005,BCN,Playas de Rosarito,1/1/22,
005,CAM,Hecelchakán,1/1/22,
005,COA,Candela,1/1/22,
005,COL,Cuauhtémoc,1/1/22,
005,CHH,Ascensión,1/1/22,
005,CHP,Amatán,1/1/22,
005,CMX,Gustavo A. Madero,1/1/22,
005,DUR,Durango,1/1/22,
005,GRO,Alpoyeca,1/1/22,
005,GUA,Apaseo el Grande,1/1/22,
005,HID,Ajacuba,1/1/22,
005,JAL,Amatitán,1/1/22,
005,MEX,Almoloya de Juárez,1/1/22,
005,MIC,Angangueo,1/1/22,
005,MOR,Coatlán del Río,1/1/22,
005,NAY,Huajicori,1/1/22,
005,NLE,Anáhuac,1/1/22,
005,OAX,Asunción Ixtaltepec,1/1/22,
005,PUE,Acteopan,1/1/22,
005,QUE,Colón,1/1/22,
005,ROO,Benito Juárez,1/1/22,
005,SIN,Cosalá,1/1/22,
005,SLP,Cárdenas,1/1/22,
005,SON,Arivechi,1/1/22,
005,TAB,Comalcalco,1/1/22,
005,TAM,Burgos,1/1/22,
005,TLA,Apizaco,1/1/22,
005,VER,Acula,1/1/22,
005,YUC,Bokobá,1/1/22,
005,ZAC,Calera,1/1/22,
006,AGU,Pabellón de Arteaga,1/1/22,
006,CAM,Hopelchén,1/1/22,
006,COA,Castaños,1/1/22,
006,COL,Ixtlahuacán,1/1/22,
006,CHH,Bachíniva,1/1/22,
006,CHP,Amatenango de la Frontera,1/1/22,
006,CMX,Iztacalco,1/1/22,
006,DUR,General Simón Bolívar,1/1/22,
006,GRO,Apaxtla,1/1/22,
006,GUA,Atarjea,1/1/22,
006,HID,Alfajayucan,1/1/22,
006,JAL,Ameca,1/1/22,
006,MEX,Almoloya del Río,1/1/22,
006,MIC,Apatzingán,1/1/22,
006,MOR,Cuautla,1/1/22,
006,NAY,Ixtlán del Río,1/1/22,
006,NLE,Apodaca,1/1/22,
006,OAX,Asunción Nochixtlán,1/1/22,
006,PUE,Ahuacatlán,1/1/22,
006,QUE,Corregidora,1/1/22,
006,ROO,José María Morelos,1/1/22,
006,SIN,Culiacán,1/1/22,
006,SLP,Catorce,1/1/22,
006,SON,Arizpe,1/1/22,
006,TAB,Cunduacán,1/1/22,
006,TAM,Bustamante,1/1/22,
006,TLA,Calpulalpan,1/1/22,
006,VER,Acultzingo,1/1/22,
006,YUC,Buctzotz,1/1/22,
006,ZAC,Cañitas de Felipe Pescador,1/1/22,
007,AGU,Rincón de Romos,1/1/22,
007,CAM,Palizada,1/1/22,
007,COA,Cuatro Ciénegas,1/1/22,
007,COL,Manzanillo,1/1/22,
007,CHH,Balleza,1/1/22,
007,CHP,Amatenango del Valle,1/1/22,
007,CMX,Iztapalapa,1/1/22,
007,DUR,Gómez Palacio,1/1/22,
007,GRO,Arcelia,1/1/22,
007,GUA,Celaya,1/1/22,
007,HID,Almoloya,1/1/22,
007,JAL,San Juanito de Escobedo,1/1/22,
007,MEX,Amanalco,1/1/22,
007,MIC,Aporo,1/1/22,
007,MOR,Cuernavaca,1/1/22,
007,NAY,Jala,1/1/22,
007,NLE,Aramberri,1/1/22,
007,OAX,Asunción Ocotlán,1/1/22,
007,PUE,Ahuatlán,1/1/22,
007,QUE,Ezequiel Montes,1/1/22,
007,ROO,Lázaro Cárdenas,1/1/22,
007,SIN,Choix,1/1/22,
007,SLP,Cedral,1/1/22,
007,SON,Atil,1/1/22,
007,TAB,Emiliano Zapata,1/1/22,
007,TAM,Camargo,1/1/22,
007,TLA,El Carmen Tequexquitla,1/1/22,
007,VER,Camarón de Tejeda,1/1/22,
007,YUC,Cacalchén,1/1/22,
007,ZAC,Concepción del Oro,1/1/22,
008,AGU,San José de Gracia,1/1/22,
008,BCS,Los Cabos,1/1/22,
008,CAM,Tenabo,1/1/22,
008,COA,Escobedo,1/1/22,
008,COL,Minatitlán,1/1/22,
008,CHH,Batopilas,1/1/22,
008,CHP,Angel Albino Corzo,1/1/22,
008,CMX,La Magdalena Contreras,1/1/22,
008,DUR,Guadalupe Victoria,1/1/22,
008,GRO,Atenango del Río,1/1/22,
008,GUA,Manuel Doblado,1/1/22,
008,HID,Apan,1/1/22,
008,JAL,Arandas,1/1/22,
008,MEX,Amatepec,1/1/22,
008,MIC,Aquila,1/1/22,
008,MOR,Emiliano Zapata,1/1/22,
008,NAY,Xalisco,1/1/22,
008,NLE,Bustamante,1/1/22,
008,OAX,Asunción Tlacolulita,1/1/22,
008,PUE,Ahuazotepec,1/1/22,
008,QUE,Huimilpan,1/1/22,
008,ROO,Solidaridad,1/1/22,
008,SIN,Elota,1/1/22,
008,SLP,Cerritos,1/1/22,
008,SON,Bacadéhuachi,1/1/22,
008,TAB,Huimanguillo,1/1/22,
008,TAM,Casas,1/1/22,
008,TLA,Cuapiaxtla,1/1/22,
008,VER,Alpatláhuac,1/1/22,
008,YUC,Calotmul,1/1/22,
008,ZAC,Cuauhtémoc,1/1/22,
009,AGU,Tepezalá,1/1/22,
009,BCS,Loreto,1/1/22,
009,CAM,Escárcega,1/1/22,
009,COA,Francisco I. Madero,1/1/22,
009,COL,Tecomán,1/1/22,
009,CHH,Bocoyna,1/1/22,
009,CHP,Arriaga,1/1/22,
009,CMX,Milpa Alta,1/1/22,
009,DUR,Guanaceví,1/1/22,
009,GRO,Atlamajalcingo del Monte,1/1/22,
009,GUA,Comonfort,1/1/22,
009,HID,El Arenal,1/1/22,
009,JAL,El Arenal,1/1/22,
009,MEX,Amecameca,1/1/22,
009,MIC,Ario,1/1/22,
009,MOR,Huitzilac,1/1/22,
009,NAY,Del Nayar,1/1/22,
009,NLE,Cadereyta Jiménez,1/1/22,
009,OAX,Ayotzintepec,1/1/22,
009,PUE,Ahuehuetitla,1/1/22,
009,QUE,Jalpan de Serra,1/1/22,
009,ROO,Tulum,1/1/22,
009,SIN,Escuinapa,1/1/22,
009,SLP,Cerro de San Pedro,1/1/22,
009,SON,Bacanora,1/1/22,
009,TAB,Jalapa,1/1/22,
009,TAM,Ciudad Madero,1/1/22,
009,TLA,Cuaxomulco,1/1/22,
009,VER,Alto Lucero de Gutiérrez Barrios,1/1/22,
009,YUC,Cansahcab,1/1/22,
009,ZAC,Chalchihuites,1/1/22,
010,AGU,El Llano,1/1/22,
010,CAM,Calakmul,1/1/22,
010,COA,Frontera,1/1/22,
010,COL,Villa de Álvarez,1/1/22,
010,CHH,Buenaventura,1/1/22,
010,CHP,Bejucal de Ocampo,1/1/22,
010,CMX,Álvaro Obregón,1/1/22,
010,DUR,Hidalgo,1/1/22,
010,GRO,Atlixtac,1/1/22,
010,GUA,Coroneo,1/1/22,
010,HID,Atitalaquia,1/1/22,
010,JAL,Atemajac de Brizuela,1/1/22,
010,MEX,Apaxco,1/1/22,
010,MIC,Arteaga,1/1/22,
010,MOR,Jantetelco,1/1/22,
010,NAY,Rosamorada,1/1/22,
010,NLE,El Carmen,1/1/22,
010,OAX,El Barrio de la Soledad,1/1/22,
010,PUE,Ajalpan,1/1/22,
010,QUE,Landa de Matamoros,1/1/22,
010,ROO,Bacalar,1/1/22,
010,SIN,El Fuerte,1/1/22,
010,SLP,Ciudad del Maíz,1/1/22,
010,SON,Bacerac,1/1/22,
010,TAB,Jalpa de Méndez,1/1/22,
010,TAM,Cruillas,1/1/22,
010,TLA,Chiautempan,1/1/22,
010,VER,Altotonga,1/1/22,
010,YUC,Cantamayec,1/1/22,
010,ZAC,Fresnillo,1/1/22,
011,AGU,San Francisco de los Romo,1/1/22,
011,CAM,Candelaria,1/1/22,
011,COA,General Cepeda,1/1/22,
011,CHH,Camargo,1/1/22,
011,CHP,Bella Vista,1/1/22,
011,CMX,Tláhuac,1/1/22,
011,DUR,Indé,1/1/22,
011,GRO,Atoyac de Álvarez,1/1/22,
011,GUA,Cortazar,1/1/22,
011,HID,Atlapexco,1/1/22,
011,JAL,Atengo,1/1/22,
011,MEX,Atenco,1/1/22,
011,MIC,Briseñas,1/1/22,
011,MOR,Jiutepec,1/1/22,
011,NAY,Ruíz,1/1/22,
011,NLE,Cerralvo,1/1/22,
011,OAX,Calihualá,1/1/22,
011,PUE,Albino Zertuche,1/1/22,
011,QUE,El Marqués,1/1/22,
011,ROO,Puerto Morelos,1/1/22,
011,SIN,Guasave,1/1/22,
011,SLP,Ciudad Fernández,1/1/22,
011,SON,Bacoachi,1/1/22,
011,TAB,Jonuta,1/1/22,
011,TAM,Gómez Farías,1/1/22,
011,TLA,Muñoz de Domingo Arenas,1/1/22,
011,VER,Alvarado,1/1/22,
011,YUC,Celestún,1/1/22,
011,ZAC,Trinidad García de la Cadena,1/1/22,
012,COA,Guerrero,1/1/22,
012,CHH,Carichí,1/1/22,
012,CHP,Berriozábal,1/1/22,
012,CMX,Tlalpan,1/1/22,
012,DUR,Lerdo,1/1/22,
012,GRO,Ayutla de los Libres,1/1/22,
012,GUA,Cuerámaro,1/1/22,
012,HID,Atotonilco el Grande,1/1/22,
012,JAL,Atenguillo,1/1/22,
012,MEX,Atizapán,1/1/22,
012,MIC,Buenavista,1/1/22,
012,MOR,Jojutla,1/1/22,
012,NAY,San Blas,1/1/22,
012,NLE,Ciénega de Flores,1/1/22,
012,OAX,Candelaria Loxicha,1/1/22,
012,PUE,Aljojuca,1/1/22,
012,QUE,Pedro Escobedo,1/1/22,
012,SIN,Mazatlán,1/1/22,
012,SLP,Tancanhuitz,1/1/22,
012,SON,Bácum,1/1/22,
012,TAB,Macuspana,1/1/22,
012,TAM,González,1/1/22,
012,TLA,Españita,1/1/22,
012,VER,Amatitlán,1/1/22,
012,YUC,Cenotillo,1/1/22,
012,ZAC,Genaro Codina,1/1/22,
013,COA,Hidalgo,1/1/22,
013,CHH,Casas Grandes,1/1/22,
013,CHP,Bochil,1/1/22,
013,CMX,Xochimilco,1/1/22,
013,DUR,Mapimí,1/1/22,
013,GRO,Azoyú,1/1/22,
013,GUA,Doctor Mora,1/1/22,
013,HID,Atotonilco de Tula,1/1/22,
013,JAL,Atotonilco el Alto,1/1/22,
013,MEX,Atizapán de Zaragoza,1/1/22,
013,MIC,Carácuaro,1/1/22,
013,MOR,Jonacatepec,1/1/22,
013,NAY,San Pedro Lagunillas,1/1/22,
013,NLE,China,1/1/22,
013,OAX,Ciénega de Zimatlán,1/1/22,
013,PUE,Altepexi,1/1/22,
013,QUE,Peñamiller,1/1/22,
013,SIN,Mocorito,1/1/22,
013,SLP,Ciudad Valles,1/1/22,
013,SON,Banámichi,1/1/22,
013,TAB,Nacajuca,1/1/22,
013,TAM,Güémez,1/1/22,
013,TLA,Huamantla,1/1/22,
013,VER,Naranjos Amatlán,1/1/22,
013,YUC,Conkal,1/1/22,
013,ZAC,General Enrique Estrada,1/1/22,
014,COA,Jiménez,1/1/22,
014,CHH,Coronado,1/1/22,
014,CHP,El Bosque,1/1/22,
014,CMX,Benito Juárez,1/1/22,
014,DUR,Mezquital,1/1/22,
014,GRO,Benito Juárez,1/1/22,
014,GUA,Dolores Hidalgo Cuna de la Independencia Nacional,1/1/22,
014,HID,Calnali,1/1/22,
014,JAL,Atoyac,1/1/22,
014,MEX,Atlacomulco,1/1/22,
014,MIC,Coahuayana,1/1/22,
014,MOR,Mazatepec,1/1/22,
014,NAY,Santa María del Oro,1/1/22,
014,NLE,Doctor Arroyo,1/1/22,
014,OAX,Ciudad Ixtepec,1/1/22,
014,PUE,Amixtlán,1/1/22,
014,QUE,Querétaro,1/1/22,
014,SIN,Rosario,1/1/22,
014,SLP,Coxcatlán,1/1/22,
014,SON,Baviácora,1/1/22,
014,TAB,Paraíso,1/1/22,
014,TAM,Guerrero,1/1/22,
014,TLA,Hueyotlipan,1/1/22,
014,VER,Amatlán de los Reyes,1/1/22,
014,YUC,Cuncunul,1/1/22,
014,ZAC,General Francisco R. Murguía,1/1/22,
015,COA,Juárez,1/1/22,
015,CHH,Coyame del Sotol,1/1/22,
015,CHP,Cacahoatán,1/1/22,
015,CMX,Cuauhtémoc,1/1/22,
015,DUR,Nazas,1/1/22,
015,GRO,Buenavista de Cuéllar,1/1/22,
015,GUA,Guanajuato,1/1/22,
015,HID,Cardonal,1/1/22,
015,JAL,Autlán de Navarro,1/1/22,
015,MEX,Atlautla,1/1/22,
015,MIC,Coalcomán de Vázquez Pallares,1/1/22,
015,MOR,Miacatlán,1/1/22,
015,NAY,Santiago Ixcuintla,1/1/22,
015,NLE,Doctor Coss,1/1/22,
015,OAX,Coatecas Altas,1/1/22,
015,PUE,Amozoc,1/1/22,
015,QUE,San Joaquín,1/1/22,
015,SIN,Salvador Alvarado,1/1/22,
015,SLP,Charcas,1/1/22,
015,SON,Bavispe,1/1/22,
015,TAB,Tacotalpa,1/1/22,
015,TAM,Gustavo Díaz Ordaz,1/1/22,
015,TLA,Ixtacuixtla de Mariano Matamoros,1/1/22,
015,VER,Angel R. Cabada,1/1/22,
015,YUC,Cuzamá,1/1/22,
015,ZAC,El Plateado de Joaquín Amaro,1/1/22,
016,COA,Lamadrid,1/1/22,
016,CHH,La Cruz,1/1/22,
016,CHP,Catazajá,1/1/22,
016,CMX,Miguel Hidalgo,1/1/22,
016,DUR,Nombre de Dios,1/1/22,
016,GRO,Coahuayutla de José María Izazaga,1/1/22,
016,GUA,Huanímaro,1/1/22,
016,HID,Cuautepec de Hinojosa,1/1/22,
016,JAL,Ayotlán,1/1/22,
016,MEX,Axapusco,1/1/22,
016,MIC,Coeneo,1/1/22,
016,MOR,Ocuituco,1/1/22,
016,NAY,Tecuala,1/1/22,
016,NLE,Doctor González,1/1/22,
016,OAX,Coicoyán de las Flores,1/1/22,
016,PUE,Aquixtla,1/1/22,
016,QUE,San Juan del Río,1/1/22,
016,SIN,San Ignacio,1/1/22,
016,SLP,Ebano,1/1/22,
016,SON,Benjamín Hill,1/1/22,
016,TAB,Teapa,1/1/22,
016,TAM,Hidalgo,1/1/22,
016,TLA,Ixtenco,1/1/22,
016,VER,La Antigua,1/1/22,
016,YUC,Chacsinkín,1/1/22,
016,ZAC,General Pánfilo Natera,1/1/22,
017,COA,Matamoros,1/1/22,
017,CHH,Cuauhtémoc,1/1/22,
017,CHP,Cintalapa,1/1/22,
017,CMX,Venustiano Carranza,1/1/22,
017,DUR,Ocampo,1/1/22,
017,GRO,Cocula,1/1/22,
017,GUA,Irapuato,1/1/22,
017,HID,Chapantongo,1/1/22,
017,JAL,Ayutla,1/1/22,
017,MEX,Ayapango,1/1/22,
017,MIC,Contepec,1/1/22,
017,MOR,Puente de Ixtla,1/1/22,
017,NAY,Tepic,1/1/22,
017,NLE,Galeana,1/1/22,
017,OAX,La Compañía,1/1/22,
017,PUE,Atempan,1/1/22,
017,QUE,Tequisquiapan,1/1/22,
017,SIN,Sinaloa,1/1/22,
017,SLP,Guadalcázar,1/1/22,
017,SON,Caborca,1/1/22,
017,TAB,Tenosique,1/1/22,
017,TAM,Jaumave,1/1/22,
017,TLA,Mazatecochco de José María Morelos,1/1/22,
017,VER,Apazapan,1/1/22,
017,YUC,Chankom,1/1/22,
017,ZAC,Guadalupe,1/1/22,
018,COA,Monclova,1/1/22,
018,CHH,Cusihuiriachi,1/1/22,
018,CHP,Coapilla,1/1/22,
018,DUR,El Oro,1/1/22,
018,GRO,Copala,1/1/22,
018,GUA,Jaral del Progreso,1/1/22,
018,HID,Chapulhuacán,1/1/22,
018,JAL,La Barca,1/1/22,
018,MEX,Calimaya,1/1/22,
018,MIC,Copándaro,1/1/22,
018,MOR,Temixco,1/1/22,
018,NAY,Tuxpan,1/1/22,
018,NLE,García,1/1/22,
018,OAX,Concepción Buenavista,1/1/22,
018,PUE,Atexcal,1/1/22,
018,QUE,Tolimán,1/1/22,
018,SIN,Navolato,1/1/22,
018,SLP,Huehuetlán,1/1/22,
018,SON,Cajeme,1/1/22,
018,TAM,Jiménez,1/1/22,
018,TLA,Contla de Juan Cuamatzi,1/1/22,
018,VER,Aquila,1/1/22,
018,YUC,Chapab,1/1/22,
018,ZAC,Huanusco,1/1/22,
019,COA,Morelos,1/1/22,
019,CHH,Chihuahua,1/1/22,
019,CHP,Comitán de Domínguez,1/1/22,
019,DUR,Otáez,1/1/22,
019,GRO,Copalillo,1/1/22,
019,GUA,Jerécuaro,1/1/22,
019,HID,Chilcuautla,1/1/22,
019,JAL,Bolaños,1/1/22,
019,MEX,Capulhuac,1/1/22,
019,MIC,Cotija,1/1/22,
019,MOR,Tepalcingo,1/1/22,
019,NAY,La Yesca,1/1/22,
019,NLE,San Pedro Garza García,1/1/22,
019,OAX,Concepción Pápalo,1/1/22,
019,PUE,Atlixco,1/1/22,
019,SLP,Lagunillas,1/1/22,
019,SON,Cananea,1/1/22,
019,TAM,Llera,1/1/22,
019,TLA,Tepetitla de Lardizábal,1/1/22,
019,VER,Astacinga,1/1/22,
019,YUC,Chemax,1/1/22,
019,ZAC,Jalpa,1/1/22,
020,COA,Múzquiz,1/1/22,
020,CHH,Chínipas,1/1/22,
020,CHP,La Concordia,1/1/22,
020,DUR,Pánuco de Coronado,1/1/22,
020,GRO,Copanatoyac,1/1/22,
020,GUA,León,1/1/22,
020,HID,Eloxochitlán,1/1/22,
020,JAL,Cabo Corrientes,1/1/22,
020,MEX,Coacalco de Berriozábal,1/1/22,
020,MIC,Cuitzeo,1/1/22,
020,MOR,Tepoztlán,1/1/22,
020,NAY,Bahía de Banderas,1/1/22,
020,NLE,General Bravo,1/1/22,
020,OAX,Constancia del Rosario,1/1/22,
020,PUE,Atoyatempan,1/1/22,
020,SLP,Matehuala,1/1/22,
020,SON,Carbó,1/1/22,
020,TAM,Mainero,1/1/22,
020,TLA,Sanctórum de Lázaro Cárdenas,1/1/22,
020,VER,Atlahuilco,1/1/22,
020,YUC,Chicxulub Pueblo,1/1/22,
020,ZAC,Jerez,1/1/22,
021,COA,Nadadores,1/1/22,
021,CHH,Delicias,1/1/22,
021,CHP,Copainalá,1/1/22,
021,DUR,Peñón Blanco,1/1/22,
021,GRO,Coyuca de Benítez,1/1/22,
021,GUA,Moroleón,1/1/22,
021,HID,Emiliano Zapata,1/1/22,
021,JAL,Casimiro Castillo,1/1/22,
021,MEX,Coatepec Harinas,1/1/22,
021,MIC,Charapan,1/1/22,
021,MOR,Tetecala,1/1/22,
021,NLE,General Escobedo,1/1/22,
021,OAX,Cosolapa,1/1/22,
021,PUE,Atzala,1/1/22,
021,SLP,Mexquitic de Carmona,1/1/22,
021,SON,La Colorada,1/1/22,
021,TAM,El Mante,1/1/22,
021,TLA,Nanacamilpa de Mariano Arista,1/1/22,
021,VER,Atoyac,1/1/22,
021,YUC,Chichimilá,1/1/22,
021,ZAC,Jiménez del Teul,1/1/22,
022,COA,Nava,1/1/22,
022,CHH,Dr. Belisario Domínguez,1/1/22,
022,CHP,Chalchihuitán,1/1/22,
022,DUR,Poanas,1/1/22,
022,GRO,Coyuca de Catalán,1/1/22,
022,GUA,Ocampo,1/1/22,
022,HID,Epazoyucan,1/1/22,
022,JAL,Cihuatlán,1/1/22,
022,MEX,Cocotitlán,1/1/22,
022,MIC,Charo,1/1/22,
022,MOR,Tetela del Volcán,1/1/22,
022,NLE,General Terán,1/1/22,
022,OAX,Cosoltepec,1/1/22,
022,PUE,Atzitzihuacán,1/1/22,
022,SLP,Moctezuma,1/1/22,
022,SON,Cucurpe,1/1/22,
022,TAM,Matamoros,1/1/22,
022,TLA,Acuamanala de Miguel Hidalgo,1/1/22,
022,VER,Atzacan,1/1/22,
022,YUC,Chikindzonot,1/1/22,
022,ZAC,Juan Aldama,1/1/22,
023,COA,Ocampo,1/1/22,
023,CHH,Galeana,1/1/22,
023,CHP,Chamula,1/1/22,
023,DUR,Pueblo Nuevo,1/1/22,
023,GRO,Cuajinicuilapa,1/1/22,
023,GUA,Pénjamo,1/1/22,
023,HID,Francisco I. Madero,1/1/22,
023,JAL,Zapotlán el Grande,1/1/22,
023,MEX,Coyotepec,1/1/22,
023,MIC,Chavinda,1/1/22,
023,MOR,Tlalnepantla,1/1/22,
023,NLE,General Treviño,1/1/22,
023,OAX,Cuilápam de Guerrero,1/1/22,
023,PUE,Atzitzintla,1/1/22,
023,SLP,Rayón,1/1/22,
023,SON,Cumpas,1/1/22,
023,TAM,Méndez,1/1/22,
023,TLA,Natívitas,1/1/22,
023,VER,Atzalan,1/1/22,
023,YUC,Chocholá,1/1/22,
023,ZAC,Juchipila,1/1/22,
024,COA,Parras,1/1/22,
024,CHH,Santa Isabel,1/1/22,
024,CHP,Chanal,1/1/22,
024,DUR,Rodeo,1/1/22,
024,GRO,Cualác,1/1/22,
024,GUA,Pueblo Nuevo,1/1/22,
024,HID,Huasca de Ocampo,1/1/22,
024,JAL,Cocula,1/1/22,
024,MEX,Cuautitlán,1/1/22,
024,MIC,Cherán,1/1/22,
024,MOR,Tlaltizapán de Zapata,1/1/22,
024,NLE,General Zaragoza,1/1/22,
024,OAX,Cuyamecalco Villa de Zaragoza,1/1/22,
024,PUE,Axutla,1/1/22,
024,SLP,Rioverde,1/1/22,
024,SON,Divisaderos,1/1/22,
024,TAM,Mier,1/1/22,
024,TLA,Panotla,1/1/22,
024,VER,Tlaltetela,1/1/22,
024,YUC,Chumayel,1/1/22,
024,ZAC,Loreto,1/1/22,
025,COA,Piedras Negras,1/1/22,
025,CHH,Gómez Farías,1/1/22,
025,CHP,Chapultenango,1/1/22,
025,DUR,San Bernardo,1/1/22,
025,GRO,Cuautepec,1/1/22,
025,GUA,Purísima del Rincón,1/1/22,
025,HID,Huautla,1/1/22,
025,JAL,Colotlán,1/1/22,
025,MEX,Chalco,1/1/22,
025,MIC,Chilchota,1/1/22,
025,MOR,Tlaquiltenango,1/1/22,
025,NLE,General Zuazua,1/1/22,
025,OAX,Chahuites,1/1/22,
025,PUE,Ayotoxco de Guerrero,1/1/22,
025,SLP,Salinas,1/1/22,
025,SON,Empalme,1/1/22,
025,TAM,Miguel Alemán,1/1/22,
025,TLA,San Pablo del Monte,1/1/22,
025,VER,Ayahualulco,1/1/22,
025,YUC,Dzán,1/1/22,
025,ZAC,Luis Moya,1/1/22,
026,COA,Progreso,1/1/22,
026,CHH,Gran Morelos,1/1/22,
026,CHP,Chenalhó,1/1/22,
026,DUR,San Dimas,1/1/22,
026,GRO,Cuetzala del Progreso,1/1/22,
026,GUA,Romita,1/1/22,
026,HID,Huazalingo,1/1/22,
026,JAL,Concepción de Buenos Aires,1/1/22,
026,MEX,Chapa de Mota,1/1/22,
026,MIC,Chinicuila,1/1/22,
026,MOR,Tlayacapan,1/1/22,
026,NLE,Guadalupe,1/1/22,
026,OAX,Chalcatongo de Hidalgo,1/1/22,
026,PUE,Calpan,1/1/22,
026,SLP,San Antonio,1/1/22,
026,SON,Etchojoa,1/1/22,
026,TAM,Miquihuana,1/1/22,
026,TLA,Santa Cruz Tlaxcala,1/1/22,
026,VER,Banderilla,1/1/22,
026,YUC,Dzemul,1/1/22,
026,ZAC,Mazapil,1/1/22,
027,COA,Ramos Arizpe,1/1/22,
027,CHH,Guachochi,1/1/22,
027,CHP,Chiapa de Corzo,1/1/22,
027,DUR,San Juan de Guadalupe,1/1/22,
027,GRO,Cutzamala de Pinzón,1/1/22,
027,GUA,Salamanca,1/1/22,
027,HID,Huehuetla,1/1/22,
027,JAL,Cuautitlán de García Barragán,1/1/22,
027,MEX,Chapultepec,1/1/22,
027,MIC,Chucándiro,1/1/22,
027,MOR,Totolapan,1/1/22,
027,NLE,Los Herreras,1/1/22,
027,OAX,Chiquihuitlán de Benito Juárez,1/1/22,
027,PUE,Caltepec,1/1/22,
027,SLP,San Ciro de Acosta,1/1/22,
027,SON,Fronteras,1/1/22,
027,TAM,Nuevo Laredo,1/1/22,
027,TLA,Tenancingo,1/1/22,
027,VER,Benito Juárez,1/1/22,
027,YUC,Dzidzantún,1/1/22,
027,ZAC,Melchor Ocampo,1/1/22,
028,COA,Sabinas,1/1/22,
028,CHH,Guadalupe,1/1/22,
028,CHP,Chiapilla,1/1/22,
028,DUR,San Juan del Río,1/1/22,
028,GRO,Chilapa de Álvarez,1/1/22,
028,GUA,Salvatierra,1/1/22,
028,HID,Huejutla de Reyes,1/1/22,
028,JAL,Cuautla,1/1/22,
028,MEX,Chiautla,1/1/22,
028,MIC,Churintzio,1/1/22,
028,MOR,Xochitepec,1/1/22,
028,NLE,Higueras,1/1/22,
028,OAX,Heroica Ciudad de Ejutla de Crespo,1/1/22,
028,PUE,Camocuautla,1/1/22,
028,SLP,San Luis Potosí,1/1/22,
028,SON,Granados,1/1/22,
028,TAM,Nuevo Morelos,1/1/22,
028,TLA,Teolocholco,1/1/22,
028,VER,Boca del Río,1/1/22,
028,YUC,Dzilam de Bravo,1/1/22,
028,ZAC,Mezquital del Oro,1/1/22,
029,COA,Sacramento,1/1/22,
029,CHH,Guadalupe y Calvo,1/1/22,
029,CHP,Chicoasén,1/1/22,
029,DUR,San Luis del Cordero,1/1/22,
029,GRO,Chilpancingo de los Bravo,1/1/22,
029,GUA,San Diego de la Unión,1/1/22,
029,HID,Huichapan,1/1/22,
029,JAL,Cuquío,1/1/22,
029,MEX,Chicoloapan,1/1/22,
029,MIC,Churumuco,1/1/22,
029,MOR,Yautepec,1/1/22,
029,NLE,Hualahuises,1/1/22,
029,OAX,Eloxochitlán de Flores Magón,1/1/22,
029,PUE,Caxhuacan,1/1/22,
029,SLP,San Martín Chalchicuautla,1/1/22,
029,SON,Guaymas,1/1/22,
029,TAM,Ocampo,1/1/22,
029,TLA,Tepeyanco,1/1/22,
029,VER,Calcahualco,1/1/22,
029,YUC,Dzilam González,1/1/22,
029,ZAC,Miguel Auza,1/1/22,
030,COA,Saltillo,1/1/22,
030,CHH,Guazapares,1/1/22,
030,CHP,Chicomuselo,1/1/22,
030,DUR,San Pedro del Gallo,1/1/22,
030,GRO,Florencio Villarreal,1/1/22,
030,GUA,San Felipe,1/1/22,
030,HID,Ixmiquilpan,1/1/22,
030,JAL,Chapala,1/1/22,
030,MEX,Chiconcuac,1/1/22,
030,MIC,Ecuandureo,1/1/22,
030,MOR,Yecapixtla,1/1/22,
030,NLE,Iturbide,1/1/22,
030,OAX,El Espinal,1/1/22,
030,PUE,Coatepec,1/1/22,
030,SLP,San Nicolás Tolentino,1/1/22,
030,SON,Hermosillo,1/1/22,
030,TAM,Padilla,1/1/22,
030,TLA,Terrenate,1/1/22,
030,VER,Camerino Z. Mendoza,1/1/22,
030,YUC,Dzitás,1/1/22,
030,ZAC,Momax,1/1/22,
031,COA,San Buenaventura,1/1/22,
031,CHH,Guerrero,1/1/22,
031,CHP,Chilón,1/1/22,
031,DUR,Santa Clara,1/1/22,
031,GRO,General Canuto A. Neri,1/1/22,
031,GUA,San Francisco del Rincón,1/1/22,
031,HID,Jacala de Ledezma,1/1/22,
031,JAL,Chimaltitán,1/1/22,
031,MEX,Chimalhuacán,1/1/22,
031,MIC,Epitacio Huerta,1/1/22,
031,MOR,Zacatepec,1/1/22,
031,NLE,Juárez,1/1/22,
031,OAX,Tamazulápam del Espíritu Santo,1/1/22,
031,PUE,Coatzingo,1/1/22,
031,SLP,Santa Catarina,1/1/22,
031,SON,Huachinera,1/1/22,
031,TAM,Palmillas,1/1/22,
031,TLA,Tetla de la Solidaridad,1/1/22,
031,VER,Carrillo Puerto,1/1/22,
031,YUC,Dzoncauich,1/1/22,
031,ZAC,Monte Escobedo,1/1/22,
032,COA,San Juan de Sabinas,1/1/22,
032,CHH,Hidalgo del Parral,1/1/22,
032,CHP,Escuintla,1/1/22,
032,DUR,Santiago Papasquiaro,1/1/22,
032,GRO,General Heliodoro Castillo,1/1/22,
032,GUA,San José Iturbide,1/1/22,
032,HID,Jaltocán,1/1/22,
032,JAL,Chiquilistlán,1/1/22,
032,MEX,Donato Guerra,1/1/22,
032,MIC,Erongarícuaro,1/1/22,
032,MOR,Zacualpan,1/1/22,
032,NLE,Lampazos de Naranjo,1/1/22,
032,OAX,Fresnillo de Trujano,1/1/22,
032,PUE,Cohetzala,1/1/22,
032,SLP,Santa María del Río,1/1/22,
032,SON,Huásabas,1/1/22,
032,TAM,Reynosa,1/1/22,
032,TLA,Tetlatlahuca,1/1/22,
032,VER,Catemaco,1/1/22,
032,YUC,Espita,1/1/22,
032,ZAC,Morelos,1/1/22,
033,COA,San Pedro,1/1/22,
033,CHH,Huejotitán,1/1/22,
033,CHP,Francisco León,1/1/22,
033,DUR,Súchil,1/1/22,
033,GRO,Huamuxtitlán,1/1/22,
033,GUA,San Luis de la Paz,1/1/22,
033,HID,Juárez Hidalgo,1/1/22,
033,JAL,Degollado,1/1/22,
033,MEX,Ecatepec de Morelos,1/1/22,
033,MIC,Gabriel Zamora,1/1/22,
033,MOR,Temoac,1/1/22,
033,NLE,Linares,1/1/22,
033,OAX,Guadalupe Etla,1/1/22,
033,PUE,Cohuecan,1/1/22,
033,SLP,Santo Domingo,1/1/22,
033,SON,Huatabampo,1/1/22,
033,TAM,Río Bravo,1/1/22,
033,TLA,Tlaxcala,1/1/22,
033,VER,Cazones de Herrera,1/1/22,
033,YUC,Halachó,1/1/22,
033,ZAC,Moyahua de Estrada,1/1/22,
034,COA,Sierra Mojada,1/1/22,
034,CHH,Ignacio Zaragoza,1/1/22,
034,CHP,Frontera Comalapa,1/1/22,
034,DUR,Tamazula,1/1/22,
034,GRO,Huitzuco de los Figueroa,1/1/22,
034,GUA,Santa Catarina,1/1/22,
034,HID,Lolotla,1/1/22,
034,JAL,Ejutla,1/1/22,
034,MEX,Ecatzingo,1/1/22,
034,MIC,Hidalgo,1/1/22,
034,NLE,Marín,1/1/22,
034,OAX,Guadalupe de Ramírez,1/1/22,
034,PUE,Coronango,1/1/22,
034,SLP,San Vicente Tancuayalab,1/1/22,
034,SON,Huépac,1/1/22,
034,TAM,San Carlos,1/1/22,
034,TLA,Tlaxco,1/1/22,
034,VER,Cerro Azul,1/1/22,
034,YUC,Hocabá,1/1/22,
034,ZAC,Nochistlán de Mejía,1/1/22,
035,COA,Torreón,1/1/22,
035,CHH,Janos,1/1/22,
035,CHP,Frontera Hidalgo,1/1/22,
035,DUR,Tepehuanes,1/1/22,
035,GRO,Iguala de la Independencia,1/1/22,
035,GUA,Santa Cruz de Juventino Rosas,1/1/22,
035,HID,Metepec,1/1/22,
035,JAL,Encarnación de Díaz,1/1/22,
035,MEX,Huehuetoca,1/1/22,
035,MIC,La Huacana,1/1/22,
035,NLE,Melchor Ocampo,1/1/22,
035,OAX,Guelatao de Juárez,1/1/22,
035,PUE,Coxcatlán,1/1/22,
035,SLP,Soledad de Graciano Sánchez,1/1/22,
035,SON,Imuris,1/1/22,
035,TAM,San Fernando,1/1/22,
035,TLA,Tocatlán,1/1/22,
035,VER,Citlaltépetl,1/1/22,
035,YUC,Hoctún,1/1/22,
035,ZAC,Noria de Ángeles,1/1/22,
036,COA,Viesca,1/1/22,
036,CHH,Jiménez,1/1/22,
036,CHP,La Grandeza,1/1/22,
036,DUR,Tlahualilo,1/1/22,
036,GRO,Igualapa,1/1/22,
036,GUA,Santiago Maravatío,1/1/22,
036,HID,San Agustín Metzquititlán,1/1/22,
036,JAL,Etzatlán,1/1/22,
036,MEX,Hueypoxtla,1/1/22,
036,MIC,Huandacareo,1/1/22,
036,NLE,Mier y Noriega,1/1/22,
036,OAX,Guevea de Humboldt,1/1/22,
036,PUE,Coyomeapan,1/1/22,
036,SLP,Tamasopo,1/1/22,
036,SON,Magdalena,1/1/22,
036,TAM,San Nicolás,1/1/22,
036,TLA,Totolac,1/1/22,
036,VER,Coacoatzintla,1/1/22,
036,YUC,Homún,1/1/22,
036,ZAC,Ojocaliente,1/1/22,
037,COA,Villa Unión,1/1/22,
037,CHH,Juárez,1/1/22,
037,CHP,Huehuetán,1/1/22,
037,DUR,Topia,1/1/22,
037,GRO,Ixcateopan de Cuauhtémoc,1/1/22,
037,GUA,Silao de la Victoria,1/1/22,
037,HID,Metztitlán,1/1/22,
037,JAL,El Grullo,1/1/22,
037,MEX,Huixquilucan,1/1/22,
037,MIC,Huaniqueo,1/1/22,
037,NLE,Mina,1/1/22,
037,OAX,Mesones Hidalgo,1/1/22,
037,PUE,Coyotepec,1/1/22,
037,SLP,Tamazunchale,1/1/22,
037,SON,Mazatán,1/1/22,
037,TAM,Soto la Marina,1/1/22,
037,TLA,Ziltlaltépec de Trinidad Sánchez Santos,1/1/22,
037,VER,Coahuitlán,1/1/22,
037,YUC,Huhí,1/1/22,
037,ZAC,Pánuco,1/1/22,
038,COA,Zaragoza,1/1/22,
038,CHH,Julimes,1/1/22,
038,CHP,Huixtán,1/1/22,
038,DUR,Vicente Guerrero,1/1/22,
038,GRO,Zihuatanejo de Azueta,1/1/22,
038,GUA,Tarandacuao,1/1/22,
038,HID,Mineral del Chico,1/1/22,
038,JAL,Guachinango,1/1/22,
038,MEX,Isidro Fabela,1/1/22,
038,MIC,Huetamo,1/1/22,
038,NLE,Montemorelos,1/1/22,
038,OAX,Villa Hidalgo,1/1/22,
038,PUE,Cuapiaxtla de Madero,1/1/22,
038,SLP,Tampacán,1/1/22,
038,SON,Moctezuma,1/1/22,
038,TAM,Tampico,1/1/22,
038,TLA,Tzompantepec,1/1/22,
038,VER,Coatepec,1/1/22,
038,YUC,Hunucmá,1/1/22,
038,ZAC,Pinos,1/1/22,
039,CHH,López,1/1/22,
039,CHP,Huitiupán,1/1/22,
039,DUR,Nuevo Ideal,1/1/22,
039,GRO,Juan R. Escudero,1/1/22,
039,GUA,Tarimoro,1/1/22,
039,HID,Mineral del Monte,1/1/22,
039,JAL,Guadalajara,1/1/22,
039,MEX,Ixtapaluca,1/1/22,
039,MIC,Huiramba,1/1/22,
039,NLE,Monterrey,1/1/22,
039,OAX,Heroica Ciudad de Huajuapan de León,1/1/22,
039,PUE,Cuautempan,1/1/22,
039,SLP,Tampamolón Corona,1/1/22,
039,SON,Naco,1/1/22,
039,TAM,Tula,1/1/22,
039,TLA,Xaloztoc,1/1/22,
039,VER,Coatzacoalcos,1/1/22,
039,YUC,Ixil,1/1/22,
039,ZAC,Río Grande,1/1/22,
040,CHH,Madera,1/1/22,
040,CHP,Huixtla,1/1/22,
040,GRO,Leonardo Bravo,1/1/22,
040,GUA,Tierra Blanca,1/1/22,
040,HID,La Misión,1/1/22,
040,JAL,Hostotipaquillo,1/1/22,
040,MEX,Ixtapan de la Sal,1/1/22,
040,MIC,Indaparapeo,1/1/22,
040,NLE,Parás,1/1/22,
040,OAX,Huautepec,1/1/22,
040,PUE,Cuautinchán,1/1/22,
040,SLP,Tamuín,1/1/22,
040,SON,Nácori Chico,1/1/22,
040,TAM,Valle Hermoso,1/1/22,
040,TLA,Xaltocan,1/1/22,
040,VER,Coatzintla,1/1/22,
040,YUC,Izamal,1/1/22,
040,ZAC,Sain Alto,1/1/22,
041,CHH,Maguarichi,1/1/22,
041,CHP,La Independencia,1/1/22,
041,GRO,Malinaltepec,1/1/22,
041,GUA,Uriangato,1/1/22,
041,HID,Mixquiahuala de Juárez,1/1/22,
041,JAL,Huejúcar,1/1/22,
041,MEX,Ixtapan del Oro,1/1/22,
041,MIC,Irimbo,1/1/22,
041,NLE,Pesquería,1/1/22,
041,OAX,Huautla de Jiménez,1/1/22,
041,PUE,Cuautlancingo,1/1/22,
041,SLP,Tanlajás,1/1/22,
041,SON,Nacozari de García,1/1/22,
041,TAM,Victoria,1/1/22,
041,TLA,Papalotla de Xicohténcatl,1/1/22,
041,VER,Coetzala,1/1/22,
041,YUC,Kanasín,1/1/22,
041,ZAC,El Salvador,1/1/22,
042,CHH,Manuel Benavides,1/1/22,
042,CHP,Ixhuatán,1/1/22,
042,GRO,Mártir de Cuilapan,1/1/22,
042,GUA,Valle de Santiago,1/1/22,
042,HID,Molango de Escamilla,1/1/22,
042,JAL,Huejuquilla el Alto,1/1/22,
042,MEX,Ixtlahuaca,1/1/22,
042,MIC,Ixtlán,1/1/22,
042,NLE,Los Ramones,1/1/22,
042,OAX,Ixtlán de Juárez,1/1/22,
042,PUE,Cuayuca de Andrade,1/1/22,
042,SLP,Tanquián de Escobedo,1/1/22,
042,SON,Navojoa,1/1/22,
042,TAM,Villagrán,1/1/22,
042,TLA,Xicohtzinco,1/1/22,
042,VER,Colipa,1/1/22,
042,YUC,Kantunil,1/1/22,
042,ZAC,Sombrerete,1/1/22,
043,CHH,Matachí,1/1/22,
043,CHP,Ixtacomitán,1/1/22,
043,GRO,Metlatónoc,1/1/22,
043,GUA,Victoria,1/1/22,
043,HID,Nicolás Flores,1/1/22,
043,JAL,La Huerta,1/1/22,
043,MEX,Xalatlaco,1/1/22,
043,MIC,Jacona,1/1/22,
043,NLE,Rayones,1/1/22,
043,OAX,Heroica Ciudad de Juchitán de Zaragoza,1/1/22,
043,PUE,Cuetzalan del Progreso,1/1/22,
043,SLP,Tierra Nueva,1/1/22,
043,SON,Nogales,1/1/22,
043,TAM,Xicoténcatl,1/1/22,
043,TLA,Yauhquemehcan,1/1/22,
043,VER,Comapa,1/1/22,
043,YUC,Kaua,1/1/22,
043,ZAC,Susticacán,1/1/22,
044,CHH,Matamoros,1/1/22,
044,CHP,Ixtapa,1/1/22,
044,GRO,Mochitlán,1/1/22,
044,GUA,Villagrán,1/1/22,
044,HID,Nopala de Villagrán,1/1/22,
044,JAL,Ixtlahuacán de los Membrillos,1/1/22,
044,MEX,Jaltenco,1/1/22,
044,MIC,Jiménez,1/1/22,
044,NLE,Sabinas Hidalgo,1/1/22,
044,OAX,Loma Bonita,1/1/22,
044,PUE,Cuyoaco,1/1/22,
044,SLP,Vanegas,1/1/22,
044,SON,Onavas,1/1/22,
044,TLA,Zacatelco,1/1/22,
044,VER,Córdoba,1/1/22,
044,YUC,Kinchil,1/1/22,
044,ZAC,Tabasco,1/1/22,
045,CHH,Meoqui,1/1/22,
045,CHP,Ixtapangajoya,1/1/22,
045,GRO,Olinalá,1/1/22,
045,GUA,Xichú,1/1/22,
045,HID,Omitlán de Juárez,1/1/22,
045,JAL,Ixtlahuacán del Río,1/1/22,
045,MEX,Jilotepec,1/1/22,
045,MIC,Jiquilpan,1/1/22,
045,NLE,Salinas Victoria,1/1/22,
045,OAX,Magdalena Apasco,1/1/22,
045,PUE,Chalchicomula de Sesma,1/1/22,
045,SLP,Venado,1/1/22,
045,SON,Opodepe,1/1/22,
045,TLA,Benito Juárez,1/1/22,
045,VER,Cosamaloapan de Carpio,1/1/22,
045,YUC,Kopomá,1/1/22,
045,ZAC,Tepechitlán,1/1/22,
046,CHH,Morelos,1/1/22,
046,CHP,Jiquipilas,1/1/22,
046,GRO,Ometepec,1/1/22,
046,GUA,Yuriria,1/1/22,
046,HID,San Felipe Orizatlán,1/1/22,
046,JAL,Jalostotitlán,1/1/22,
046,MEX,Jilotzingo,1/1/22,
046,MIC,Juárez,1/1/22,
046,NLE,San Nicolás de los Garza,1/1/22,
046,OAX,Magdalena Jaltepec,1/1/22,
046,PUE,Chapulco,1/1/22,
046,SLP,Villa de Arriaga,1/1/22,
046,SON,Oquitoa,1/1/22,
046,TLA,Emiliano Zapata,1/1/22,
046,VER,Cosautlán de Carvajal,1/1/22,
046,YUC,Mama,1/1/22,
046,ZAC,Tepetongo,1/1/22,
047,CHH,Moris,1/1/22,
047,CHP,Jitotol,1/1/22,
047,GRO,Pedro Ascencio Alquisiras,1/1/22,
047,HID,Pacula,1/1/22,
047,JAL,Jamay,1/1/22,
047,MEX,Jiquipilco,1/1/22,
047,MIC,Jungapeo,1/1/22,
047,NLE,Hidalgo,1/1/22,
047,OAX,Santa Magdalena Jicotlán,1/1/22,
047,PUE,Chiautla,1/1/22,
047,SLP,Villa de Guadalupe,1/1/22,
047,SON,Pitiquito,1/1/22,
047,TLA,Lázaro Cárdenas,1/1/22,
047,VER,Coscomatepec,1/1/22,
047,YUC,Maní,1/1/22,
047,ZAC,Teúl de González Ortega,1/1/22,
048,CHH,Namiquipa,1/1/22,
048,CHP,Juárez,1/1/22,
048,GRO,Petatlán,1/1/22,
048,HID,Pachuca de Soto,1/1/22,
048,JAL,Jesús María,1/1/22,
048,MEX,Jocotitlán,1/1/22,
048,MIC,Lagunillas,1/1/22,
048,NLE,Santa Catarina,1/1/22,
048,OAX,Magdalena Mixtepec,1/1/22,
048,PUE,Chiautzingo,1/1/22,
048,SLP,Villa de la Paz,1/1/22,
048,SON,Puerto Peñasco,1/1/22,
048,TLA,La Magdalena Tlaltelulco,1/1/22,
048,VER,Cosoleacaque,1/1/22,
048,YUC,Maxcanú,1/1/22,
048,ZAC,Tlaltenango de Sánchez Román,1/1/22,
049,CHH,Nonoava,1/1/22,
049,CHP,Larráinzar,1/1/22,
049,GRO,Pilcaya,1/1/22,
049,HID,Pisaflores,1/1/22,
049,JAL,Jilotlán de los Dolores,1/1/22,
049,MEX,Joquicingo,1/1/22,
049,MIC,Madero,1/1/22,
049,NLE,Santiago,1/1/22,
049,OAX,Magdalena Ocotlán,1/1/22,
049,PUE,Chiconcuautla,1/1/22,
049,SLP,Villa de Ramos,1/1/22,
049,SON,Quiriego,1/1/22,
049,TLA,San Damián Texóloc,1/1/22,
049,VER,Cotaxtla,1/1/22,
049,YUC,Mayapán,1/1/22,
049,ZAC,Valparaíso,1/1/22,
050,CHH,Nuevo Casas Grandes,1/1/22,
050,CHP,La Libertad,1/1/22,
050,GRO,Pungarabato,1/1/22,
050,HID,Progreso de Obregón,1/1/22,
050,JAL,Jocotepec,1/1/22,
050,MEX,Juchitepec,1/1/22,
050,MIC,Maravatío,1/1/22,
050,NLE,Vallecillo,1/1/22,
050,OAX,Magdalena Peñasco,1/1/22,
050,PUE,Chichiquila,1/1/22,
050,SLP,Villa de Reyes,1/1/22,
050,SON,Rayón,1/1/22,
050,TLA,San Francisco Tetlanohcan,1/1/22,
050,VER,Coxquihui,1/1/22,
050,YUC,Mérida,1/1/22,
050,ZAC,Vetagrande,1/1/22,
051,CHH,Ocampo,1/1/22,
051,CHP,Mapastepec,1/1/22,
051,GRO,Quechultenango,1/1/22,
051,HID,Mineral de la Reforma,1/1/22,
051,JAL,Juanacatlán,1/1/22,
051,MEX,Lerma,1/1/22,
051,MIC,Marcos Castellanos,1/1/22,
051,NLE,Villaldama,1/1/22,
051,OAX,Magdalena Teitipac,1/1/22,
051,PUE,Chietla,1/1/22,
051,SLP,Villa Hidalgo,1/1/22,
051,SON,Rosario,1/1/22,
051,TLA,San Jerónimo Zacualpan,1/1/22,
051,VER,Coyutla,1/1/22,
051,YUC,Mocochá,1/1/22,
051,ZAC,Villa de Cos,1/1/22,
052,CHH,Ojinaga,1/1/22,
052,CHP,Las Margaritas,1/1/22,
052,GRO,San Luis Acatlán,1/1/22,
052,HID,San Agustín Tlaxiaca,1/1/22,
052,JAL,Juchitlán,1/1/22,
052,MEX,Malinalco,1/1/22,
052,MIC,Lázaro Cárdenas,1/1/22,
052,OAX,Magdalena Tequisistlán,1/1/22,
052,PUE,Chigmecatitlán,1/1/22,
052,SLP,Villa Juárez,1/1/22,
052,SON,Sahuaripa,1/1/22,
052,TLA,San José Teacalco,1/1/22,
052,VER,Cuichapa,1/1/22,
052,YUC,Motul,1/1/22,
052,ZAC,Villa García,1/1/22,
053,CHH,Praxedis G. Guerrero,1/1/22,
053,CHP,Mazapa de Madero,1/1/22,
053,GRO,San Marcos,1/1/22,
053,HID,San Bartolo Tutotepec,1/1/22,
053,JAL,Lagos de Moreno,1/1/22,
053,MEX,Melchor Ocampo,1/1/22,
053,MIC,Morelia,1/1/22,
053,OAX,Magdalena Tlacotepec,1/1/22,
053,PUE,Chignahuapan,1/1/22,
053,SLP,Axtla de Terrazas,1/1/22,
053,SON,San Felipe de Jesús,1/1/22,
053,TLA,San Juan Huactzinco,1/1/22,
053,VER,Cuitláhuac,1/1/22,
053,YUC,Muna,1/1/22,
053,ZAC,Villa González Ortega,1/1/22,
054,CHH,Riva Palacio,1/1/22,
054,CHP,Mazatán,1/1/22,
054,GRO,San Miguel Totolapan,1/1/22,
054,HID,San Salvador,1/1/22,
054,JAL,El Limón,1/1/22,
054,MEX,Metepec,1/1/22,
054,MIC,Morelos,1/1/22,
054,OAX,Magdalena Zahuatlán,1/1/22,
054,PUE,Chignautla,1/1/22,
054,SLP,Xilitla,1/1/22,
054,SON,San Javier,1/1/22,
054,TLA,San Lorenzo Axocomanitla,1/1/22,
054,VER,Chacaltianguis,1/1/22,
054,YUC,Muxupip,1/1/22,
054,ZAC,Villa Hidalgo,1/1/22,
055,CHH,Rosales,1/1/22,
055,CHP,Metapa,1/1/22,
055,GRO,Taxco de Alarcón,1/1/22,
055,HID,Santiago de Anaya,1/1/22,
055,JAL,Magdalena,1/1/22,
055,MEX,Mexicaltzingo,1/1/22,
055,MIC,Múgica,1/1/22,
055,OAX,Mariscala de Juárez,1/1/22,
055,PUE,Chila,1/1/22,
055,SLP,Zaragoza,1/1/22,
055,SON,San Luis Río Colorado,1/1/22,
055,TLA,San Lucas Tecopilco,1/1/22,
055,VER,Chalma,1/1/22,
055,YUC,Opichén,1/1/22,
055,ZAC,Villanueva,1/1/22,
056,CHH,Rosario,1/1/22,
056,CHP,Mitontic,1/1/22,
056,GRO,Tecoanapa,1/1/22,
056,HID,Santiago Tulantepec de Lugo Guerrero,1/1/22,
056,JAL,Santa María del Oro,1/1/22,
056,MEX,Morelos,1/1/22,
056,MIC,Nahuatzen,1/1/22,
056,OAX,Mártires de Tacubaya,1/1/22,
056,PUE,Chila de la Sal,1/1/22,
056,SLP,Villa de Arista,1/1/22,
056,SON,San Miguel de Horcasitas,1/1/22,
056,TLA,Santa Ana Nopalucan,1/1/22,
056,VER,Chiconamel,1/1/22,
056,YUC,Oxkutzcab,1/1/22,
056,ZAC,Zacatecas,1/1/22,
057,CHH,San Francisco de Borja,1/1/22,
057,CHP,Motozintla,1/1/22,
057,GRO,Técpan de Galeana,1/1/22,
057,HID,Singuilucan,1/1/22,
057,JAL,La Manzanilla de la Paz,1/1/22,
057,MEX,Naucalpan de Juárez,1/1/22,
057,MIC,Nocupétaro,1/1/22,
057,OAX,Matías Romero Avendaño,1/1/22,
057,PUE,Honey,1/1/22,
057,SLP,Matlapa,1/1/22,
057,SON,San Pedro de la Cueva,1/1/22,
057,TLA,Santa Apolonia Teacalco,1/1/22,
057,VER,Chiconquiaco,1/1/22,
057,YUC,Panabá,1/1/22,
057,ZAC,Trancoso,1/1/22,
058,CHH,San Francisco de Conchos,1/1/22,
058,CHP,Nicolás Ruíz,1/1/22,
058,GRO,Teloloapan,1/1/22,
058,HID,Tasquillo,1/1/22,
058,JAL,Mascota,1/1/22,
058,MEX,Nezahualcóyotl,1/1/22,
058,MIC,Nuevo Parangaricutiro,1/1/22,
058,OAX,Mazatlán Villa de Flores,1/1/22,
058,PUE,Chilchotla,1/1/22,
058,SLP,El Naranjo,1/1/22,
058,SON,Santa Ana,1/1/22,
058,TLA,Santa Catarina Ayometla,1/1/22,
058,VER,Chicontepec,1/1/22,
058,YUC,Peto,1/1/22,
058,ZAC,Santa María de la Paz,1/1/22,
059,CHH,San Francisco del Oro,1/1/22,
059,CHP,Ocosingo,1/1/22,
059,GRO,Tepecoacuilco de Trujano,1/1/22,
059,HID,Tecozautla,1/1/22,
059,JAL,Mazamitla,1/1/22,
059,MEX,Nextlalpan,1/1/22,
059,MIC,Nuevo Urecho,1/1/22,
059,OAX,Miahuatlán de Porfirio Díaz,1/1/22,
059,PUE,Chinantla,1/1/22,
059,SON,Santa Cruz,1/1/22,
059,TLA,Santa Cruz Quilehtla,1/1/22,
059,VER,Chinameca,1/1/22,
059,YUC,Progreso,1/1/22,
060,CHH,Santa Bárbara,1/1/22,
060,CHP,Ocotepec,1/1/22,
060,GRO,Tetipac,1/1/22,
060,HID,Tenango de Doria,1/1/22,
060,JAL,Mexticacán,1/1/22,
060,MEX,Nicolás Romero,1/1/22,
060,MIC,Numarán,1/1/22,
060,OAX,Mixistlán de la Reforma,1/1/22,
060,PUE,Domingo Arenas,1/1/22,
060,SON,Sáric,1/1/22,
060,TLA,Santa Isabel Xiloxoxtla,1/1/22,
060,VER,Chinampa de Gorostiza,1/1/22,
060,YUC,Quintana Roo,1/1/22,
061,CHH,Satevó,1/1/22,
061,CHP,Ocozocoautla de Espinosa,1/1/22,
061,GRO,Tixtla de Guerrero,1/1/22,
061,HID,Tepeapulco,1/1/22,
061,JAL,Mezquitic,1/1/22,
061,MEX,Nopaltepec,1/1/22,
061,MIC,Ocampo,1/1/22,
061,OAX,Monjas,1/1/22,
061,PUE,Eloxochitlán,1/1/22,
061,SON,Soyopa,1/1/22,
061,VER,Las Choapas,1/1/22,
061,YUC,Río Lagartos,1/1/22,
062,CHH,Saucillo,1/1/22,
062,CHP,Ostuacán,1/1/22,
062,GRO,Tlacoachistlahuaca,1/1/22,
062,HID,Tepehuacán de Guerrero,1/1/22,
062,JAL,Mixtlán,1/1/22,
062,MEX,Ocoyoacac,1/1/22,
062,MIC,Pajacuarán,1/1/22,
062,OAX,Natividad,1/1/22,
062,PUE,Epatlán,1/1/22,
062,SON,Suaqui Grande,1/1/22,
062,VER,Chocamán,1/1/22,
062,YUC,Sacalum,1/1/22,
063,CHH,Temósachic,1/1/22,
063,CHP,Osumacinta,1/1/22,
063,GRO,Tlacoapa,1/1/22,
063,HID,Tepeji del Río de Ocampo,1/1/22,
063,JAL,Ocotlán,1/1/22,
063,MEX,Ocuilan,1/1/22,
063,MIC,Panindícuaro,1/1/22,
063,OAX,Nazareno Etla,1/1/22,
063,PUE,Esperanza,1/1/22,
063,SON,Tepache,1/1/22,
063,VER,Chontla,1/1/22,
063,YUC,Samahil,1/1/22,
064,CHH,El Tule,1/1/22,
064,CHP,Oxchuc,1/1/22,
064,GRO,Tlalchapa,1/1/22,
064,HID,Tepetitlán,1/1/22,
064,JAL,Ojuelos de Jalisco,1/1/22,
064,MEX,El Oro,1/1/22,
064,MIC,Parácuaro,1/1/22,
064,OAX,Nejapa de Madero,1/1/22,
064,PUE,Francisco Z. Mena,1/1/22,
064,SON,Trincheras,1/1/22,
064,VER,Chumatlán,1/1/22,
064,YUC,Sanahcat,1/1/22,
065,CHH,Urique,1/1/22,
065,CHP,Palenque,1/1/22,
065,GRO,Tlalixtaquilla de Maldonado,1/1/22,
065,HID,Tetepango,1/1/22,
065,JAL,Pihuamo,1/1/22,
065,MEX,Otumba,1/1/22,
065,MIC,Paracho,1/1/22,
065,OAX,Ixpantepec Nieves,1/1/22,
065,PUE,General Felipe Ángeles,1/1/22,
065,SON,Tubutama,1/1/22,
065,VER,Emiliano Zapata,1/1/22,
065,YUC,San Felipe,1/1/22,
066,CHH,Uruachi,1/1/22,
066,CHP,Pantelhó,1/1/22,
066,GRO,Tlapa de Comonfort,1/1/22,
066,HID,Villa de Tezontepec,1/1/22,
066,JAL,Poncitlán,1/1/22,
066,MEX,Otzoloapan,1/1/22,
066,MIC,Pátzcuaro,1/1/22,
066,OAX,Santiago Niltepec,1/1/22,
066,PUE,Guadalupe,1/1/22,
066,SON,Ures,1/1/22,
066,VER,Espinal,1/1/22,
066,YUC,Santa Elena,1/1/22,
067,CHH,Valle de Zaragoza,1/1/22,
067,CHP,Pantepec,1/1/22,
067,GRO,Tlapehuala,1/1/22,
067,HID,Tezontepec de Aldama,1/1/22,
067,JAL,Puerto Vallarta,1/1/22,
067,MEX,Otzolotepec,1/1/22,
067,MIC,Penjamillo,1/1/22,
067,OAX,Oaxaca de Juárez,1/1/22,
067,PUE,Guadalupe Victoria,1/1/22,
067,SON,Villa Hidalgo,1/1/22,
067,VER,Filomeno Mata,1/1/22,
067,YUC,Seyé,1/1/22,
068,CHP,Pichucalco,1/1/22,
068,GRO,La Unión de Isidoro Montes de Oca,1/1/22,
068,HID,Tianguistengo,1/1/22,
068,JAL,Villa Purificación,1/1/22,
068,MEX,Ozumba,1/1/22,
068,MIC,Peribán,1/1/22,
068,OAX,Ocotlán de Morelos,1/1/22,
068,PUE,Hermenegildo Galeana,1/1/22,
068,SON,Villa Pesqueira,1/1/22,
068,VER,Fortín,1/1/22,
068,YUC,Sinanché,1/1/22,
069,CHP,Pijijiapan,1/1/22,
069,GRO,Xalpatláhuac,1/1/22,
069,HID,Tizayuca,1/1/22,
069,JAL,Quitupan,1/1/22,
069,MEX,Papalotla,1/1/22,
069,MIC,La Piedad,1/1/22,
069,OAX,La Pe,1/1/22,
069,PUE,Huaquechula,1/1/22,
069,SON,Yécora,1/1/22,
069,VER,Gutiérrez Zamora,1/1/22,
069,YUC,Sotuta,1/1/22,
070,CHP,El Porvenir,1/1/22,
070,GRO,Xochihuehuetlán,1/1/22,
070,HID,Tlahuelilpan,1/1/22,
070,JAL,El Salto,1/1/22,
070,MEX,La Paz,1/1/22,
070,MIC,Purépero,1/1/22,
070,OAX,Pinotepa de Don Luis,1/1/22,
070,PUE,Huatlatlauca,1/1/22,
070,SON,General Plutarco Elías Calles,1/1/22,
070,VER,Hidalgotitlán,1/1/22,
070,YUC,Sucilá,1/1/22,
071,CHP,Villa Comaltitlán,1/1/22,
071,GRO,Xochistlahuaca,1/1/22,
071,HID,Tlahuiltepa,1/1/22,
071,JAL,San Cristóbal de la Barranca,1/1/22,
071,MEX,Polotitlán,1/1/22,
071,MIC,Puruándiro,1/1/22,
071,OAX,Pluma Hidalgo,1/1/22,
071,PUE,Huauchinango,1/1/22,
071,SON,Benito Juárez,1/1/22,
071,VER,Huatusco,1/1/22,
071,YUC,Sudzal,1/1/22,
072,CHP,Pueblo Nuevo Solistahuacán,1/1/22,
072,GRO,Zapotitlán Tablas,1/1/22,
072,HID,Tlanalapa,1/1/22,
072,JAL,San Diego de Alejandría,1/1/22,
072,MEX,Rayón,1/1/22,
072,MIC,Queréndaro,1/1/22,
072,OAX,San José del Progreso,1/1/22,
072,PUE,Huehuetla,1/1/22,
072,SON,San Ignacio Río Muerto,1/1/22,
072,VER,Huayacocotla,1/1/22,
072,YUC,Suma,1/1/22,
073,CHP,Rayón,1/1/22,
073,GRO,Zirándaro,1/1/22,
073,HID,Tlanchinol,1/1/22,
073,JAL,San Juan de los Lagos,1/1/22,
073,MEX,San Antonio la Isla,1/1/22,
073,MIC,Quiroga,1/1/22,
073,OAX,Putla Villa de Guerrero,1/1/22,
073,PUE,Huehuetlán el Chico,1/1/22,
073,VER,Hueyapan de Ocampo,1/1/22,
073,YUC,Tahdziú,1/1/22,
074,CHP,Reforma,1/1/22,
074,GRO,Zitlala,1/1/22,
074,HID,Tlaxcoapan,1/1/22,
074,JAL,San Julián,1/1/22,
074,MEX,San Felipe del Progreso,1/1/22,
074,MIC,Cojumatlán de Régules,1/1/22,
074,OAX,Santa Catarina Quioquitani,1/1/22,
074,PUE,Huejotzingo,1/1/22,
074,VER,Huiloapan de Cuauhtémoc,1/1/22,
074,YUC,Tahmek,1/1/22,
075,CHP,Las Rosas,1/1/22,
075,GRO,Eduardo Neri,1/1/22,
075,HID,Tolcayuca,1/1/22,
075,JAL,San Marcos,1/1/22,
075,MEX,San Martín de las Pirámides,1/1/22,
075,MIC,Los Reyes,1/1/22,
075,OAX,Reforma de Pineda,1/1/22,
075,PUE,Hueyapan,1/1/22,
075,VER,Ignacio de la Llave,1/1/22,
075,YUC,Teabo,1/1/22,
076,CHP,Sabanilla,1/1/22,
076,GRO,Acatepec,1/1/22,
076,HID,Tula de Allende,1/1/22,
076,JAL,San Martín de Bolaños,1/1/22,
076,MEX,San Mateo Atenco,1/1/22,
076,MIC,Sahuayo,1/1/22,
076,OAX,La Reforma,1/1/22,
076,PUE,Hueytamalco,1/1/22,
076,VER,Ilamatlán,1/1/22,
076,YUC,Tecoh,1/1/22,
077,CHP,Salto de Agua,1/1/22,
077,GRO,Marquelia,1/1/22,
077,HID,Tulancingo de Bravo,1/1/22,
077,JAL,San Martín Hidalgo,1/1/22,
077,MEX,San Simón de Guerrero,1/1/22,
077,MIC,San Lucas,1/1/22,
077,OAX,Reyes Etla,1/1/22,
077,PUE,Hueytlalpan,1/1/22,
077,VER,Isla,1/1/22,
077,YUC,Tekal de Venegas,1/1/22,
078,CHP,San Cristóbal de las Casas,1/1/22,
078,GRO,Cochoapa el Grande,1/1/22,
078,HID,Xochiatipan,1/1/22,
078,JAL,San Miguel el Alto,1/1/22,
078,MEX,Santo Tomás,1/1/22,
078,MIC,Santa Ana Maya,1/1/22,
078,OAX,Rojas de Cuauhtémoc,1/1/22,
078,PUE,Huitzilan de Serdán,1/1/22,
078,VER,Ixcatepec,1/1/22,
078,YUC,Tekantó,1/1/22,
079,CHP,San Fernando,1/1/22,
079,GRO,José Joaquín de Herrera,1/1/22,
079,HID,Xochicoatlán,1/1/22,
079,JAL,Gómez Farías,1/1/22,
079,MEX,Soyaniquilpan de Juárez,1/1/22,
079,MIC,Salvador Escalante,1/1/22,
079,OAX,Salina Cruz,1/1/22,
079,PUE,Huitziltepec,1/1/22,
079,VER,Ixhuacán de los Reyes,1/1/22,
079,YUC,Tekax,1/1/22,
080,CHP,Siltepec,1/1/22,
080,GRO,Juchitán,1/1/22,
080,HID,Yahualica,1/1/22,
080,JAL,San Sebastián del Oeste,1/1/22,
080,MEX,Sultepec,1/1/22,
080,MIC,Senguio,1/1/22,
080,OAX,San Agustín Amatengo,1/1/22,
080,PUE,Atlequizayan,1/1/22,
080,VER,Ixhuatlán del Café,1/1/22,
080,YUC,Tekit,1/1/22,
081,CHP,Simojovel,1/1/22,
081,GRO,Iliatenco,1/1/22,
081,HID,Zacualtipán de Ángeles,1/1/22,
081,JAL,Santa María de los Ángeles,1/1/22,
081,MEX,Tecámac,1/1/22,
081,MIC,Susupuato,1/1/22,
081,OAX,San Agustín Atenango,1/1/22,
081,PUE,Ixcamilpa de Guerrero,1/1/22,
081,VER,Ixhuatlancillo,1/1/22,
081,YUC,Tekom,1/1/22,
082,CHP,Sitalá,1/1/22,
082,HID,Zapotlán de Juárez,1/1/22,
082,JAL,Sayula,1/1/22,
082,MEX,Tejupilco,1/1/22,
082,MIC,Tacámbaro,1/1/22,
082,OAX,San Agustín Chayuco,1/1/22,
082,PUE,Ixcaquixtla,1/1/22,
082,VER,Ixhuatlán del Sureste,1/1/22,
082,YUC,Telchac Pueblo,1/1/22,
083,CHP,Socoltenango,1/1/22,
083,HID,Zempoala,1/1/22,
083,JAL,Tala,1/1/22,
083,MEX,Temamatla,1/1/22,
083,MIC,Tancítaro,1/1/22,
083,OAX,San Agustín de las Juntas,1/1/22,
083,PUE,Ixtacamaxtitlán,1/1/22,
083,VER,Ixhuatlán de Madero,1/1/22,
083,YUC,Telchac Puerto,1/1/22,
084,CHP,Solosuchiapa,1/1/22,
084,HID,Zimapán,1/1/22,
084,JAL,Talpa de Allende,1/1/22,
084,MEX,Temascalapa,1/1/22,
084,MIC,Tangamandapio,1/1/22,
084,OAX,San Agustín Etla,1/1/22,
084,PUE,Ixtepec,1/1/22,
084,VER,Ixmatlahuacan,1/1/22,
084,YUC,Temax,1/1/22,
085,CHP,Soyaló,1/1/22,
085,JAL,Tamazula de Gordiano,1/1/22,
085,MEX,Temascalcingo,1/1/22,
085,MIC,Tangancícuaro,1/1/22,
085,OAX,San Agustín Loxicha,1/1/22,
085,PUE,Izúcar de Matamoros,1/1/22,
085,VER,Ixtaczoquitlán,1/1/22,
085,YUC,Temozón,1/1/22,
086,CHP,Suchiapa,1/1/22,
086,JAL,Tapalpa,1/1/22,
086,MEX,Temascaltepec,1/1/22,
086,MIC,Tanhuato,1/1/22,
086,OAX,San Agustín Tlacotepec,1/1/22,
086,PUE,Jalpan,1/1/22,
086,VER,Jalacingo,1/1/22,
086,YUC,Tepakán,1/1/22,
087,CHP,Suchiate,1/1/22,
087,JAL,Tecalitlán,1/1/22,
087,MEX,Temoaya,1/1/22,
087,MIC,Taretan,1/1/22,
087,OAX,San Agustín Yatareni,1/1/22,
087,PUE,Jolalpan,1/1/22,
087,VER,Xalapa,1/1/22,
087,YUC,Tetiz,1/1/22,
088,CHP,Sunuapa,1/1/22,
088,JAL,Tecolotlán,1/1/22,
088,MEX,Tenancingo,1/1/22,
088,MIC,Tarímbaro,1/1/22,
088,OAX,San Andrés Cabecera Nueva,1/1/22,
088,PUE,Jonotla,1/1/22,
088,VER,Jalcomulco,1/1/22,
088,YUC,Teya,1/1/22,
089,CHP,Tapachula,1/1/22,
089,JAL,Techaluta de Montenegro,1/1/22,
089,MEX,Tenango del Aire,1/1/22,
089,MIC,Tepalcatepec,1/1/22,
089,OAX,San Andrés Dinicuiti,1/1/22,
089,PUE,Jopala,1/1/22,
089,VER,Jáltipan,1/1/22,
089,YUC,Ticul,1/1/22,
090,CHP,Tapalapa,1/1/22,
090,JAL,Tenamaxtlán,1/1/22,
090,MEX,Tenango del Valle,1/1/22,
090,MIC,Tingambato,1/1/22,
090,OAX,San Andrés Huaxpaltepec,1/1/22,
090,PUE,Juan C. Bonilla,1/1/22,
090,VER,Jamapa,1/1/22,
090,YUC,Timucuy,1/1/22,
091,CHP,Tapilula,1/1/22,
091,JAL,Teocaltiche,1/1/22,
091,MEX,Teoloyucan,1/1/22,
091,MIC,Tingüindín,1/1/22,
091,OAX,San Andrés Huayápam,1/1/22,
091,PUE,Juan Galindo,1/1/22,
091,VER,Jesús Carranza,1/1/22,
091,YUC,Tinum,1/1/22,
092,CHP,Tecpatán,1/1/22,
092,JAL,Teocuitatlán de Corona,1/1/22,
092,MEX,Teotihuacán,1/1/22,
092,MIC,Tiquicheo de Nicolás Romero,1/1/22,
092,OAX,San Andrés Ixtlahuaca,1/1/22,
092,PUE,Juan N. Méndez,1/1/22,
092,VER,Xico,1/1/22,
092,YUC,Tixcacalcupul,1/1/22,
093,CHP,Tenejapa,1/1/22,
093,JAL,Tepatitlán de Morelos,1/1/22,
093,MEX,Tepetlaoxtoc,1/1/22,
093,MIC,Tlalpujahua,1/1/22,
093,OAX,San Andrés Lagunas,1/1/22,
093,PUE,Lafragua,1/1/22,
093,VER,Jilotepec,1/1/22,
093,YUC,Tixkokob,1/1/22,
094,CHP,Teopisca,1/1/22,
094,JAL,Tequila,1/1/22,
094,MEX,Tepetlixpa,1/1/22,
094,MIC,Tlazazalca,1/1/22,
094,OAX,San Andrés Nuxiño,1/1/22,
094,PUE,Libres,1/1/22,
094,VER,Juan Rodríguez Clara,1/1/22,
094,YUC,Tixmehuac,1/1/22,
095,JAL,Teuchitlán,1/1/22,
095,MEX,Tepotzotlán,1/1/22,
095,MIC,Tocumbo,1/1/22,
095,OAX,San Andrés Paxtlán,1/1/22,
095,PUE,La Magdalena Tlatlauquitepec,1/1/22,
095,VER,Juchique de Ferrer,1/1/22,
095,YUC,Tixpéhual,1/1/22,
096,CHP,Tila,1/1/22,
096,JAL,Tizapán el Alto,1/1/22,
096,MEX,Tequixquiac,1/1/22,
096,MIC,Tumbiscatío,1/1/22,
096,OAX,San Andrés Sinaxtla,1/1/22,
096,PUE,Mazapiltepec de Juárez,1/1/22,
096,VER,Landero y Coss,1/1/22,
096,YUC,Tizimín,1/1/22,
097,CHP,Tonalá,1/1/22,
097,JAL,Tlajomulco de Zúñiga,1/1/22,
097,MEX,Texcaltitlán,1/1/22,
097,MIC,Turicato,1/1/22,
097,OAX,San Andrés Solaga,1/1/22,
097,PUE,Mixtla,1/1/22,
097,VER,Lerdo de Tejada,1/1/22,
097,YUC,Tunkás,1/1/22,
098,CHP,Totolapa,1/1/22,
098,JAL,San Pedro Tlaquepaque,1/1/22,
098,MEX,Texcalyacac,1/1/22,
098,MIC,Tuxpan,1/1/22,
098,OAX,San Andrés Teotilálpam,1/1/22,
098,PUE,Molcaxac,1/1/22,
098,VER,Magdalena,1/1/22,
098,YUC,Tzucacab,1/1/22,
099,CHP,La Trinitaria,1/1/22,
099,JAL,Tolimán,1/1/22,
099,MEX,Texcoco,1/1/22,
099,MIC,Tuzantla,1/1/22,
099,OAX,San Andrés Tepetlapa,1/1/22,
099,PUE,Cañada Morelos,1/1/22,
099,VER,Maltrata,1/1/22,
099,YUC,Uayma,1/1/22,
100,CHP,Tumbalá,1/1/22,
100,JAL,Tomatlán,1/1/22,
100,MEX,Tezoyuca,1/1/22,
100,MIC,Tzintzuntzan,1/1/22,
100,OAX,San Andrés Yaá,1/1/22,
100,PUE,Naupan,1/1/22,
100,VER,Manlio Fabio Altamirano,1/1/22,
100,YUC,Ucú,1/1/22,
101,CHP,Tuxtla Gutiérrez,1/1/22,
101,JAL,Tonalá,1/1/22,
101,MEX,Tianguistenco,1/1/22,
101,MIC,Tzitzio,1/1/22,
101,OAX,San Andrés Zabache,1/1/22,
101,PUE,Nauzontla,1/1/22,
101,VER,Mariano Escobedo,1/1/22,
101,YUC,Umán,1/1/22,
102,CHP,Tuxtla Chico,1/1/22,
102,JAL,Tonaya,1/1/22,
102,MEX,Timilpan,1/1/22,
102,MIC,Uruapan,1/1/22,
102,OAX,San Andrés Zautla,1/1/22,
102,PUE,Nealtican,1/1/22,
102,VER,Martínez de la Torre,1/1/22,
102,YUC,Valladolid,1/1/22,
103,CHP,Tuzantán,1/1/22,
103,JAL,Tonila,1/1/22,
103,MEX,Tlalmanalco,1/1/22,
103,MIC,Venustiano Carranza,1/1/22,
103,OAX,San Antonino Castillo Velasco,1/1/22,
103,PUE,Nicolás Bravo,1/1/22,
103,VER,Mecatlán,1/1/22,
103,YUC,Xocchel,1/1/22,
104,CHP,Tzimol,1/1/22,
104,JAL,Totatiche,1/1/22,
104,MEX,Tlalnepantla de Baz,1/1/22,
104,MIC,Villamar,1/1/22,
104,OAX,San Antonino el Alto,1/1/22,
104,PUE,Nopalucan,1/1/22,
104,VER,Mecayapan,1/1/22,
104,YUC,Yaxcabá,1/1/22,
105,CHP,Unión Juárez,1/1/22,
105,JAL,Tototlán,1/1/22,
105,MEX,Tlatlaya,1/1/22,
105,MIC,Vista Hermosa,1/1/22,
105,OAX,San Antonino Monte Verde,1/1/22,
105,PUE,Ocotepec,1/1/22,
105,VER,Medellín,1/1/22,
105,YUC,Yaxkukul,1/1/22,
106,CHP,Venustiano Carranza,1/1/22,
106,JAL,Tuxcacuesco,1/1/22,
106,MEX,Toluca,1/1/22,
106,MIC,Yurécuaro,1/1/22,
106,OAX,San Antonio Acutla,1/1/22,
106,PUE,Ocoyucan,1/1/22,
106,VER,Miahuatlán,1/1/22,
106,YUC,Yobaín,1/1/22,
107,CHP,Villa Corzo,1/1/22,
107,JAL,Tuxcueca,1/1/22,
107,MEX,Tonatico,1/1/22,
107,MIC,Zacapu,1/1/22,
107,OAX,San Antonio de la Cal,1/1/22,
107,PUE,Olintla,1/1/22,
107,VER,Las Minas,1/1/22,
108,CHP,Villaflores,1/1/22,
108,JAL,Tuxpan,1/1/22,
108,MEX,Tultepec,1/1/22,
108,MIC,Zamora,1/1/22,
108,OAX,San Antonio Huitepec,1/1/22,
108,PUE,Oriental,1/1/22,
108,VER,Minatitlán,1/1/22,
109,CHP,Yajalón,1/1/22,
109,JAL,Unión de San Antonio,1/1/22,
109,MEX,Tultitlán,1/1/22,
109,MIC,Zináparo,1/1/22,
109,OAX,San Antonio Nanahuatípam,1/1/22,
109,PUE,Pahuatlán,1/1/22,
109,VER,Misantla,1/1/22,
110,CHP,San Lucas,1/1/22,
110,JAL,Unión de Tula,1/1/22,
110,MEX,Valle de Bravo,1/1/22,
110,MIC,Zinapécuaro,1/1/22,
110,OAX,San Antonio Sinicahua,1/1/22,
110,PUE,Palmar de Bravo,1/1/22,
110,VER,Mixtla de Altamirano,1/1/22,
111,CHP,Zinacantán,1/1/22,
111,JAL,Valle de Guadalupe,1/1/22,
111,MEX,Villa de Allende,1/1/22,
111,MIC,Ziracuaretiro,1/1/22,
111,OAX,San Antonio Tepetlapa,1/1/22,
111,PUE,Pantepec,1/1/22,
111,VER,Moloacán,1/1/22,
112,CHP,San Juan Cancuc,1/1/22,
112,JAL,Valle de Juárez,1/1/22,
112,MEX,Villa del Carbón,1/1/22,
112,MIC,Zitácuaro,1/1/22,
112,OAX,San Baltazar Chichicápam,1/1/22,
112,PUE,Petlalcingo,1/1/22,
112,VER,Naolinco,1/1/22,
113,CHP,Aldama,1/1/22,
113,JAL,San Gabriel,1/1/22,
113,MEX,Villa Guerrero,1/1/22,
113,MIC,José Sixto Verduzco,1/1/22,
113,OAX,San Baltazar Loxicha,1/1/22,
113,PUE,Piaxtla,1/1/22,
113,VER,Naranjal,1/1/22,
114,CHP,Benemérito de las Américas,1/1/22,
114,JAL,Villa Corona,1/1/22,
114,MEX,Villa Victoria,1/1/22,
114,OAX,San Baltazar Yatzachi el Bajo,1/1/22,
114,PUE,Puebla,1/1/22,
114,VER,Nautla,1/1/22,
115,CHP,Maravilla Tenejapa,1/1/22,
115,JAL,Villa Guerrero,1/1/22,
115,MEX,Xonacatlán,1/1/22,
115,OAX,San Bartolo Coyotepec,1/1/22,
115,PUE,Quecholac,1/1/22,
115,VER,Nogales,1/1/22,
116,CHP,Marqués de Comillas,1/1/22,
116,JAL,Villa Hidalgo,1/1/22,
116,MEX,Zacazonapan,1/1/22,
116,OAX,San Bartolomé Ayautla,1/1/22,
116,PUE,Quimixtlán,1/1/22,
116,VER,Oluta,1/1/22,
117,CHP,Montecristo de Guerrero,1/1/22,
117,JAL,Cañadas de Obregón,1/1/22,
117,MEX,Zacualpan,1/1/22,
117,OAX,San Bartolomé Loxicha,1/1/22,
117,PUE,Rafael Lara Grajales,1/1/22,
117,VER,Omealca,1/1/22,
118,CHP,San Andrés Duraznal,1/1/22,
118,JAL,Yahualica de González Gallo,1/1/22,
118,MEX,Zinacantepec,1/1/22,
118,OAX,San Bartolomé Quialana,1/1/22,
118,PUE,Los Reyes de Juárez,1/1/22,
118,VER,Orizaba,1/1/22,
119,CHP,Santiago el Pinar,1/1/22,
119,JAL,Zacoalco de Torres,1/1/22,
119,MEX,Zumpahuacán,1/1/22,
119,OAX,San Bartolomé Yucuañe,1/1/22,
119,PUE,San Andrés Cholula,1/1/22,
119,VER,Otatitlán,1/1/22,
120,JAL,Zapopan,1/1/22,
120,MEX,Zumpango,1/1/22,
120,OAX,San Bartolomé Zoogocho,1/1/22,
120,PUE,San Antonio Cañada,1/1/22,
120,VER,Oteapan,1/1/22,
120,CHP,Capitán Luis Ángel Vidal,1/1/22,
121,JAL,Zapotiltic,1/1/22,
121,MEX,Cuautitlán Izcalli,1/1/22,
121,OAX,San Bartolo Soyaltepec,1/1/22,
121,PUE,San Diego la Mesa Tochimiltzingo,1/1/22,
121,VER,Ozuluama de Mascareñas,1/1/22,
121,CHP,Rincón Chamula San Pedro,1/1/22,
122,JAL,Zapotitlán de Vadillo,1/1/22,
122,MEX,Valle de Chalco Solidaridad,1/1/22,
122,OAX,San Bartolo Yautepec,1/1/22,
122,PUE,San Felipe Teotlalcingo,1/1/22,
122,VER,Pajapan,1/1/22,
122,CHP,El Parral,1/1/22,
123,JAL,Zapotlán del Rey,1/1/22,
123,MEX,Luvianos,1/1/22,
123,OAX,San Bernardo Mixtepec,1/1/22,
123,PUE,San Felipe Tepatlán,1/1/22,
123,VER,Pánuco,1/1/22,
123,CHP,Emiliano Zapata,1/1/22,
124,JAL,Zapotlanejo,1/1/22,
124,MEX,San José del Rincón,1/1/22,
124,OAX,San Blas Atempa,1/1/22,
124,PUE,San Gabriel Chilac,1/1/22,
124,VER,Papantla,1/1/22,
124,CHP,Mezcalapa,1/1/22,
125,JAL,San Ignacio Cerro Gordo,1/1/22,
125,MEX,Tonanitla,1/1/22,
125,OAX,San Carlos Yautepec,1/1/22,
125,PUE,San Gregorio Atzompa,1/1/22,
125,VER,Paso del Macho,1/1/22,
126,OAX,San Cristóbal Amatlán,1/1/22,
126,PUE,San Jerónimo Tecuanipan,1/1/22,
126,VER,Paso de Ovejas,1/1/22,
127,OAX,San Cristóbal Amoltepec,1/1/22,
127,PUE,San Jerónimo Xayacatlán,1/1/22,
127,VER,La Perla,1/1/22,
128,OAX,San Cristóbal Lachirioag,1/1/22,
128,PUE,San José Chiapa,1/1/22,
128,VER,Perote,1/1/22,
129,OAX,San Cristóbal Suchixtlahuaca,1/1/22,
129,PUE,San José Miahuatlán,1/1/22,
129,VER,Platón Sánchez,1/1/22,
130,OAX,San Dionisio del Mar,1/1/22,
130,PUE,San Juan Atenco,1/1/22,
130,VER,Playa Vicente,1/1/22,
131,OAX,San Dionisio Ocotepec,1/1/22,
131,PUE,San Juan Atzompa,1/1/22,
131,VER,Poza Rica de Hidalgo,1/1/22,
132,OAX,San Dionisio Ocotlán,1/1/22,
132,PUE,San Martín Texmelucan,1/1/22,
132,VER,Las Vigas de Ramírez,1/1/22,
133,OAX,San Esteban Atatlahuca,1/1/22,
133,PUE,San Martín Totoltepec,1/1/22,
133,VER,Pueblo Viejo,1/1/22,
134,OAX,San Felipe Jalapa de Díaz,1/1/22,
134,PUE,San Matías Tlalancaleca,1/1/22,
134,VER,Puente Nacional,1/1/22,
135,OAX,San Felipe Tejalápam,1/1/22,
135,PUE,San Miguel Ixitlán,1/1/22,
135,VER,Rafael Delgado,1/1/22,
136,OAX,San Felipe Usila,1/1/22,
136,PUE,San Miguel Xoxtla,1/1/22,
136,VER,Rafael Lucio,1/1/22,
137,OAX,San Francisco Cahuacuá,1/1/22,
137,PUE,San Nicolás Buenos Aires,1/1/22,
137,VER,Los Reyes,1/1/22,
138,OAX,San Francisco Cajonos,1/1/22,
138,PUE,San Nicolás de los Ranchos,1/1/22,
138,VER,Río Blanco,1/1/22,
139,OAX,San Francisco Chapulapa,1/1/22,
139,PUE,San Pablo Anicano,1/1/22,
139,VER,Saltabarranca,1/1/22,
140,OAX,San Francisco Chindúa,1/1/22,
140,PUE,San Pedro Cholula,1/1/22,
140,VER,San Andrés Tenejapan,1/1/22,
141,OAX,San Francisco del Mar,1/1/22,
141,PUE,San Pedro Yeloixtlahuaca,1/1/22,
141,VER,San Andrés Tuxtla,1/1/22,
142,OAX,San Francisco Huehuetlán,1/1/22,
142,PUE,San Salvador el Seco,1/1/22,
142,VER,San Juan Evangelista,1/1/22,
143,OAX,San Francisco Ixhuatán,1/1/22,
143,PUE,San Salvador el Verde,1/1/22,
143,VER,Santiago Tuxtla,1/1/22,
144,OAX,San Francisco Jaltepetongo,1/1/22,
144,PUE,San Salvador Huixcolotla,1/1/22,
144,VER,Sayula de Alemán,1/1/22,
145,OAX,San Francisco Lachigoló,1/1/22,
145,PUE,San Sebastián Tlacotepec,1/1/22,
145,VER,Soconusco,1/1/22,
146,OAX,San Francisco Logueche,1/1/22,
146,PUE,Santa Catarina Tlaltempan,1/1/22,
146,VER,Sochiapa,1/1/22,
147,OAX,San Francisco Nuxaño,1/1/22,
147,PUE,Santa Inés Ahuatempan,1/1/22,
147,VER,Soledad Atzompa,1/1/22,
148,OAX,San Francisco Ozolotepec,1/1/22,
148,PUE,Santa Isabel Cholula,1/1/22,
148,VER,Soledad de Doblado,1/1/22,
149,OAX,San Francisco Sola,1/1/22,
149,PUE,Santiago Miahuatlán,1/1/22,
149,VER,Soteapan,1/1/22,
150,OAX,San Francisco Telixtlahuaca,1/1/22,
150,PUE,Huehuetlán el Grande,1/1/22,
150,VER,Tamalín,1/1/22,
151,OAX,San Francisco Teopan,1/1/22,
151,PUE,Santo Tomás Hueyotlipan,1/1/22,
151,VER,Tamiahua,1/1/22,
152,OAX,San Francisco Tlapancingo,1/1/22,
152,PUE,Soltepec,1/1/22,
152,VER,Tampico Alto,1/1/22,
153,OAX,San Gabriel Mixtepec,1/1/22,
153,PUE,Tecali de Herrera,1/1/22,
153,VER,Tancoco,1/1/22,
154,OAX,San Ildefonso Amatlán,1/1/22,
154,PUE,Tecamachalco,1/1/22,
154,VER,Tantima,1/1/22,
155,OAX,San Ildefonso Sola,1/1/22,
155,PUE,Tecomatlán,1/1/22,
155,VER,Tantoyuca,1/1/22,
156,OAX,San Ildefonso Villa Alta,1/1/22,
156,PUE,Tehuacán,1/1/22,
156,VER,Tatatila,1/1/22,
157,OAX,San Jacinto Amilpas,1/1/22,
157,PUE,Tehuitzingo,1/1/22,
157,VER,Castillo de Teayo,1/1/22,
158,OAX,San Jacinto Tlacotepec,1/1/22,
158,PUE,Tenampulco,1/1/22,
158,VER,Tecolutla,1/1/22,
159,OAX,San Jerónimo Coatlán,1/1/22,
159,PUE,Teopantlán,1/1/22,
159,VER,Tehuipango,1/1/22,
160,OAX,San Jerónimo Silacayoapilla,1/1/22,
160,PUE,Teotlalco,1/1/22,
160,VER,Álamo Temapache,1/1/22,
161,OAX,San Jerónimo Sosola,1/1/22,
161,PUE,Tepanco de López,1/1/22,
161,VER,Tempoal,1/1/22,
162,OAX,San Jerónimo Taviche,1/1/22,
162,PUE,Tepango de Rodríguez,1/1/22,
162,VER,Tenampa,1/1/22,
163,OAX,San Jerónimo Tecóatl,1/1/22,
163,PUE,Tepatlaxco de Hidalgo,1/1/22,
163,VER,Tenochtitlán,1/1/22,
164,OAX,San Jorge Nuchita,1/1/22,
164,PUE,Tepeaca,1/1/22,
164,VER,Teocelo,1/1/22,
165,OAX,San José Ayuquila,1/1/22,
165,PUE,Tepemaxalco,1/1/22,
165,VER,Tepatlaxco,1/1/22,
166,OAX,San José Chiltepec,1/1/22,
166,PUE,Tepeojuma,1/1/22,
166,VER,Tepetlán,1/1/22,
167,OAX,San José del Peñasco,1/1/22,
167,PUE,Tepetzintla,1/1/22,
167,VER,Tepetzintla,1/1/22,
168,OAX,San José Estancia Grande,1/1/22,
168,PUE,Tepexco,1/1/22,
168,VER,Tequila,1/1/22,
169,OAX,San José Independencia,1/1/22,
169,PUE,Tepexi de Rodríguez,1/1/22,
169,VER,José Azueta,1/1/22,
170,OAX,San José Lachiguiri,1/1/22,
170,PUE,Tepeyahualco,1/1/22,
170,VER,Texcatepec,1/1/22,
171,OAX,San José Tenango,1/1/22,
171,PUE,Tepeyahualco de Cuauhtémoc,1/1/22,
171,VER,Texhuacán,1/1/22,
172,OAX,San Juan Achiutla,1/1/22,
172,PUE,Tetela de Ocampo,1/1/22,
172,VER,Texistepec,1/1/22,
173,OAX,San Juan Atepec,1/1/22,
173,PUE,Teteles de Avila Castillo,1/1/22,
173,VER,Tezonapa,1/1/22,
174,OAX,Ánimas Trujano,1/1/22,
174,PUE,Teziutlán,1/1/22,
174,VER,Tierra Blanca,1/1/22,
175,OAX,San Juan Bautista Atatlahuca,1/1/22,
175,PUE,Tianguismanalco,1/1/22,
175,VER,Tihuatlán,1/1/22,
176,OAX,San Juan Bautista Coixtlahuaca,1/1/22,
176,PUE,Tilapa,1/1/22,
176,VER,Tlacojalpan,1/1/22,
177,OAX,San Juan Bautista Cuicatlán,1/1/22,
177,PUE,Tlacotepec de Benito Juárez,1/1/22,
177,VER,Tlacolulan,1/1/22,
178,OAX,San Juan Bautista Guelache,1/1/22,
178,PUE,Tlacuilotepec,1/1/22,
178,VER,Tlacotalpan,1/1/22,
179,OAX,San Juan Bautista Jayacatlán,1/1/22,
179,PUE,Tlachichuca,1/1/22,
179,VER,Tlacotepec de Mejía,1/1/22,
180,OAX,San Juan Bautista Lo de Soto,1/1/22,
180,PUE,Tlahuapan,1/1/22,
180,VER,Tlachichilco,1/1/22,
181,OAX,San Juan Bautista Suchitepec,1/1/22,
181,PUE,Tlaltenango,1/1/22,
181,VER,Tlalixcoyan,1/1/22,
182,OAX,San Juan Bautista Tlacoatzintepec,1/1/22,
182,PUE,Tlanepantla,1/1/22,
182,VER,Tlalnelhuayocan,1/1/22,
183,OAX,San Juan Bautista Tlachichilco,1/1/22,
183,PUE,Tlaola,1/1/22,
183,VER,Tlapacoyan,1/1/22,
184,OAX,San Juan Bautista Tuxtepec,1/1/22,
184,PUE,Tlapacoya,1/1/22,
184,VER,Tlaquilpa,1/1/22,
185,OAX,San Juan Cacahuatepec,1/1/22,
185,PUE,Tlapanalá,1/1/22,
185,VER,Tlilapan,1/1/22,
186,OAX,San Juan Cieneguilla,1/1/22,
186,PUE,Tlatlauquitepec,1/1/22,
186,VER,Tomatlán,1/1/22,
187,OAX,San Juan Coatzóspam,1/1/22,
187,PUE,Tlaxco,1/1/22,
187,VER,Tonayán,1/1/22,
188,OAX,San Juan Colorado,1/1/22,
188,PUE,Tochimilco,1/1/22,
188,VER,Totutla,1/1/22,
189,OAX,San Juan Comaltepec,1/1/22,
189,PUE,Tochtepec,1/1/22,
189,VER,Tuxpan,1/1/22,
190,OAX,San Juan Cotzocón,1/1/22,
190,PUE,Totoltepec de Guerrero,1/1/22,
190,VER,Tuxtilla,1/1/22,
191,OAX,San Juan Chicomezúchil,1/1/22,
191,PUE,Tulcingo,1/1/22,
191,VER,Ursulo Galván,1/1/22,
192,OAX,San Juan Chilateca,1/1/22,
192,PUE,Tuzamapan de Galeana,1/1/22,
192,VER,Vega de Alatorre,1/1/22,
193,OAX,San Juan del Estado,1/1/22,
193,PUE,Tzicatlacoyan,1/1/22,
193,VER,Veracruz,1/1/22,
194,OAX,San Juan del Río,1/1/22,
194,PUE,Venustiano Carranza,1/1/22,
194,VER,Villa Aldama,1/1/22,
195,OAX,San Juan Diuxi,1/1/22,
195,PUE,Vicente Guerrero,1/1/22,
195,VER,Xoxocotla,1/1/22,
196,OAX,San Juan Evangelista Analco,1/1/22,
196,PUE,Xayacatlán de Bravo,1/1/22,
196,VER,Yanga,1/1/22,
197,OAX,San Juan Guelavía,1/1/22,
197,PUE,Xicotepec,1/1/22,
197,VER,Yecuatla,1/1/22,
198,OAX,San Juan Guichicovi,1/1/22,
198,PUE,Xicotlán,1/1/22,
198,VER,Zacualpan,1/1/22,
199,OAX,San Juan Ihualtepec,1/1/22,
199,PUE,Xiutetelco,1/1/22,
199,VER,Zaragoza,1/1/22,
200,OAX,San Juan Juquila Mixes,1/1/22,
200,PUE,Xochiapulco,1/1/22,
200,VER,Zentla,1/1/22,
201,OAX,San Juan Juquila Vijanos,1/1/22,
201,PUE,Xochiltepec,1/1/22,
201,VER,Zongolica,1/1/22,
202,OAX,San Juan Lachao,1/1/22,
202,PUE,Xochitlán de Vicente Suárez,1/1/22,
202,VER,Zontecomatlán de López y Fuentes,1/1/22,
203,OAX,San Juan Lachigalla,1/1/22,
203,PUE,Xochitlán Todos Santos,1/1/22,
203,VER,Zozocolco de Hidalgo,1/1/22,
204,OAX,San Juan Lajarcia,1/1/22,
204,PUE,Yaonáhuac,1/1/22,
204,VER,Agua Dulce,1/1/22,
205,OAX,San Juan Lalana,1/1/22,
205,PUE,Yehualtepec,1/1/22,
205,VER,El Higo,1/1/22,
206,OAX,San Juan de los Cués,1/1/22,
206,PUE,Zacapala,1/1/22,
206,VER,Nanchital de Lázaro Cárdenas del Río,1/1/22,
207,OAX,San Juan Mazatlán,1/1/22,
207,PUE,Zacapoaxtla,1/1/22,
207,VER,Tres Valles,1/1/22,
208,OAX,San Juan Mixtepec -Dto. 08 -,1/1/22,
208,PUE,Zacatlán,1/1/22,
208,VER,Carlos A. Carrillo,1/1/22,
209,OAX,San Juan Mixtepec -Dto. 26 -,1/1/22,
209,PUE,Zapotitlán,1/1/22,
209,VER,Tatahuicapan de Juárez,1/1/22,
210,OAX,San Juan Ñumí,1/1/22,
210,PUE,Zapotitlán de Méndez,1/1/22,
210,VER,Uxpanapa,1/1/22,
211,OAX,San Juan Ozolotepec,1/1/22,
211,PUE,Zaragoza,1/1/22,
211,VER,San Rafael,1/1/22,
212,OAX,San Juan Petlapa,1/1/22,
212,PUE,Zautla,1/1/22,
212,VER,Santiago Sochiapan,1/1/22,
213,OAX,San Juan Quiahije,1/1/22,
213,PUE,Zihuateutla,1/1/22,
214,OAX,San Juan Quiotepec,1/1/22,
214,PUE,Zinacatepec,1/1/22,
215,OAX,San Juan Sayultepec,1/1/22,
215,PUE,Zongozotla,1/1/22,
216,OAX,San Juan Tabaá,1/1/22,
216,PUE,Zoquiapan,1/1/22,
217,OAX,San Juan Tamazola,1/1/22,
217,PUE,Zoquitlán,1/1/22,
218,OAX,San Juan Teita,1/1/22,
219,OAX,San Juan Teitipac,1/1/22,
220,OAX,San Juan Tepeuxila,1/1/22,
221,OAX,San Juan Teposcolula,1/1/22,
222,OAX,San Juan Yaeé,1/1/22,
223,OAX,San Juan Yatzona,1/1/22,
224,OAX,San Juan Yucuita,1/1/22,
225,OAX,San Lorenzo,1/1/22,
226,OAX,San Lorenzo Albarradas,1/1/22,
227,OAX,San Lorenzo Cacaotepec,1/1/22,
228,OAX,San Lorenzo Cuaunecuiltitla,1/1/22,
229,OAX,San Lorenzo Texmelúcan,1/1/22,
230,OAX,San Lorenzo Victoria,1/1/22,
231,OAX,San Lucas Camotlán,1/1/22,
232,OAX,San Lucas Ojitlán,1/1/22,
233,OAX,San Lucas Quiaviní,1/1/22,
234,OAX,San Lucas Zoquiápam,1/1/22,
235,OAX,San Luis Amatlán,1/1/22,
236,OAX,San Marcial Ozolotepec,1/1/22,
237,OAX,San Marcos Arteaga,1/1/22,
238,OAX,San Martín de los Cansecos,1/1/22,
239,OAX,San Martín Huamelúlpam,1/1/22,
240,OAX,San Martín Itunyoso,1/1/22,
241,OAX,San Martín Lachilá,1/1/22,
242,OAX,San Martín Peras,1/1/22,
243,OAX,San Martín Tilcajete,1/1/22,
244,OAX,San Martín Toxpalan,1/1/22,
245,OAX,San Martín Zacatepec,1/1/22,
246,OAX,San Mateo Cajonos,1/1/22,
247,OAX,Capulálpam de Méndez,1/1/22,
248,OAX,San Mateo del Mar,1/1/22,
249,OAX,San Mateo Yoloxochitlán,1/1/22,
250,OAX,San Mateo Etlatongo,1/1/22,
251,OAX,San Mateo Nejápam,1/1/22,
252,OAX,San Mateo Peñasco,1/1/22,
253,OAX,San Mateo Piñas,1/1/22,
254,OAX,San Mateo Río Hondo,1/1/22,
255,OAX,San Mateo Sindihui,1/1/22,
256,OAX,San Mateo Tlapiltepec,1/1/22,
257,OAX,San Melchor Betaza,1/1/22,
258,OAX,San Miguel Achiutla,1/1/22,
259,OAX,San Miguel Ahuehuetitlán,1/1/22,
260,OAX,San Miguel Aloápam,1/1/22,
261,OAX,San Miguel Amatitlán,1/1/22,
262,OAX,San Miguel Amatlán,1/1/22,
263,OAX,San Miguel Coatlán,1/1/22,
264,OAX,San Miguel Chicahua,1/1/22,
265,OAX,San Miguel Chimalapa,1/1/22,
266,OAX,San Miguel del Puerto,1/1/22,
267,OAX,San Miguel del Río,1/1/22,
268,OAX,San Miguel Ejutla,1/1/22,
269,OAX,San Miguel el Grande,1/1/22,
270,OAX,San Miguel Huautla,1/1/22,
271,OAX,San Miguel Mixtepec,1/1/22,
272,OAX,San Miguel Panixtlahuaca,1/1/22,
273,OAX,San Miguel Peras,1/1/22,
274,OAX,San Miguel Piedras,1/1/22,
275,OAX,San Miguel Quetzaltepec,1/1/22,
276,OAX,San Miguel Santa Flor,1/1/22,
277,OAX,Villa Sola de Vega,1/1/22,
278,OAX,San Miguel Soyaltepec,1/1/22,
279,OAX,San Miguel Suchixtepec,1/1/22,
280,OAX,Villa Talea de Castro,1/1/22,
281,OAX,San Miguel Tecomatlán,1/1/22,
282,OAX,San Miguel Tenango,1/1/22,
283,OAX,San Miguel Tequixtepec,1/1/22,
284,OAX,San Miguel Tilquiápam,1/1/22,
285,OAX,San Miguel Tlacamama,1/1/22,
286,OAX,San Miguel Tlacotepec,1/1/22,
287,OAX,San Miguel Tulancingo,1/1/22,
288,OAX,San Miguel Yotao,1/1/22,
289,OAX,San Nicolás,1/1/22,
290,OAX,San Nicolás Hidalgo,1/1/22,
291,OAX,San Pablo Coatlán,1/1/22,
292,OAX,San Pablo Cuatro Venados,1/1/22,
293,OAX,San Pablo Etla,1/1/22,
294,OAX,San Pablo Huitzo,1/1/22,
295,OAX,San Pablo Huixtepec,1/1/22,
296,OAX,San Pablo Macuiltianguis,1/1/22,
297,OAX,San Pablo Tijaltepec,1/1/22,
298,OAX,San Pablo Villa de Mitla,1/1/22,
299,OAX,San Pablo Yaganiza,1/1/22,
300,OAX,San Pedro Amuzgos,1/1/22,
301,OAX,San Pedro Apóstol,1/1/22,
302,OAX,San Pedro Atoyac,1/1/22,
303,OAX,San Pedro Cajonos,1/1/22,
304,OAX,San Pedro Coxcaltepec Cántaros,1/1/22,
305,OAX,San Pedro Comitancillo,1/1/22,
306,OAX,San Pedro el Alto,1/1/22,
307,OAX,San Pedro Huamelula,1/1/22,
308,OAX,San Pedro Huilotepec,1/1/22,
309,OAX,San Pedro Ixcatlán,1/1/22,
310,OAX,San Pedro Ixtlahuaca,1/1/22,
311,OAX,San Pedro Jaltepetongo,1/1/22,
312,OAX,San Pedro Jicayán,1/1/22,
313,OAX,San Pedro Jocotipac,1/1/22,
314,OAX,San Pedro Juchatengo,1/1/22,
315,OAX,San Pedro Mártir,1/1/22,
316,OAX,San Pedro Mártir Quiechapa,1/1/22,
317,OAX,San Pedro Mártir Yucuxaco,1/1/22,
318,OAX,San Pedro Mixtepec -Dto. 22 -,1/1/22,
319,OAX,San Pedro Mixtepec -Dto. 26 -,1/1/22,
320,OAX,San Pedro Molinos,1/1/22,
321,OAX,San Pedro Nopala,1/1/22,
322,OAX,San Pedro Ocopetatillo,1/1/22,
323,OAX,San Pedro Ocotepec,1/1/22,
324,OAX,San Pedro Pochutla,1/1/22,
325,OAX,San Pedro Quiatoni,1/1/22,
326,OAX,San Pedro Sochiápam,1/1/22,
327,OAX,San Pedro Tapanatepec,1/1/22,
328,OAX,San Pedro Taviche,1/1/22,
329,OAX,San Pedro Teozacoalco,1/1/22,
330,OAX,San Pedro Teutila,1/1/22,
331,OAX,San Pedro Tidaá,1/1/22,
332,OAX,San Pedro Topiltepec,1/1/22,
333,OAX,San Pedro Totolápam,1/1/22,
334,OAX,Villa de Tututepec de Melchor Ocampo,1/1/22,
335,OAX,San Pedro Yaneri,1/1/22,
336,OAX,San Pedro Yólox,1/1/22,
337,OAX,San Pedro y San Pablo Ayutla,1/1/22,
338,OAX,Villa de Etla,1/1/22,
339,OAX,San Pedro y San Pablo Teposcolula,1/1/22,
340,OAX,San Pedro y San Pablo Tequixtepec,1/1/22,
341,OAX,San Pedro Yucunama,1/1/22,
342,OAX,San Raymundo Jalpan,1/1/22,
343,OAX,San Sebastián Abasolo,1/1/22,
344,OAX,San Sebastián Coatlán,1/1/22,
345,OAX,San Sebastián Ixcapa,1/1/22,
346,OAX,San Sebastián Nicananduta,1/1/22,
347,OAX,San Sebastián Río Hondo,1/1/22,
348,OAX,San Sebastián Tecomaxtlahuaca,1/1/22,
349,OAX,San Sebastián Teitipac,1/1/22,
350,OAX,San Sebastián Tutla,1/1/22,
351,OAX,San Simón Almolongas,1/1/22,
352,OAX,San Simón Zahuatlán,1/1/22,
353,OAX,Santa Ana,1/1/22,
354,OAX,Santa Ana Ateixtlahuaca,1/1/22,
355,OAX,Santa Ana Cuauhtémoc,1/1/22,
356,OAX,Santa Ana del Valle,1/1/22,
357,OAX,Santa Ana Tavela,1/1/22,
358,OAX,Santa Ana Tlapacoyan,1/1/22,
359,OAX,Santa Ana Yareni,1/1/22,
360,OAX,Santa Ana Zegache,1/1/22,
361,OAX,Santa Catalina Quierí,1/1/22,
362,OAX,Santa Catarina Cuixtla,1/1/22,
363,OAX,Santa Catarina Ixtepeji,1/1/22,
364,OAX,Santa Catarina Juquila,1/1/22,
365,OAX,Santa Catarina Lachatao,1/1/22,
366,OAX,Santa Catarina Loxicha,1/1/22,
367,OAX,Santa Catarina Mechoacán,1/1/22,
368,OAX,Santa Catarina Minas,1/1/22,
369,OAX,Santa Catarina Quiané,1/1/22,
370,OAX,Santa Catarina Tayata,1/1/22,
371,OAX,Santa Catarina Ticuá,1/1/22,
372,OAX,Santa Catarina Yosonotú,1/1/22,
373,OAX,Santa Catarina Zapoquila,1/1/22,
374,OAX,Santa Cruz Acatepec,1/1/22,
375,OAX,Santa Cruz Amilpas,1/1/22,
376,OAX,Santa Cruz de Bravo,1/1/22,
377,OAX,Santa Cruz Itundujia,1/1/22,
378,OAX,Santa Cruz Mixtepec,1/1/22,
379,OAX,Santa Cruz Nundaco,1/1/22,
380,OAX,Santa Cruz Papalutla,1/1/22,
381,OAX,Santa Cruz Tacache de Mina,1/1/22,
382,OAX,Santa Cruz Tacahua,1/1/22,
383,OAX,Santa Cruz Tayata,1/1/22,
384,OAX,Santa Cruz Xitla,1/1/22,
385,OAX,Santa Cruz Xoxocotlán,1/1/22,
386,OAX,Santa Cruz Zenzontepec,1/1/22,
387,OAX,Santa Gertrudis,1/1/22,
388,OAX,Santa Inés del Monte,1/1/22,
389,OAX,Santa Inés Yatzeche,1/1/22,
390,OAX,Santa Lucía del Camino,1/1/22,
391,OAX,Santa Lucía Miahuatlán,1/1/22,
392,OAX,Santa Lucía Monteverde,1/1/22,
393,OAX,Santa Lucía Ocotlán,1/1/22,
394,OAX,Santa María Alotepec,1/1/22,
395,OAX,Santa María Apazco,1/1/22,
396,OAX,Santa María la Asunción,1/1/22,
397,OAX,Heroica Ciudad de Tlaxiaco,1/1/22,
398,OAX,Ayoquezco de Aldama,1/1/22,
399,OAX,Santa María Atzompa,1/1/22,
400,OAX,Santa María Camotlán,1/1/22,
401,OAX,Santa María Colotepec,1/1/22,
402,OAX,Santa María Cortijo,1/1/22,
403,OAX,Santa María Coyotepec,1/1/22,
404,OAX,Santa María Chachoápam,1/1/22,
405,OAX,Villa de Chilapa de Díaz,1/1/22,
406,OAX,Santa María Chilchotla,1/1/22,
407,OAX,Santa María Chimalapa,1/1/22,
408,OAX,Santa María del Rosario,1/1/22,
409,OAX,Santa María del Tule,1/1/22,
410,OAX,Santa María Ecatepec,1/1/22,
411,OAX,Santa María Guelacé,1/1/22,
412,OAX,Santa María Guienagati,1/1/22,
413,OAX,Santa María Huatulco,1/1/22,
414,OAX,Santa María Huazolotitlán,1/1/22,
415,OAX,Santa María Ipalapa,1/1/22,
416,OAX,Santa María Ixcatlán,1/1/22,
417,OAX,Santa María Jacatepec,1/1/22,
418,OAX,Santa María Jalapa del Marqués,1/1/22,
419,OAX,Santa María Jaltianguis,1/1/22,
420,OAX,Santa María Lachixío,1/1/22,
421,OAX,Santa María Mixtequilla,1/1/22,
422,OAX,Santa María Nativitas,1/1/22,
423,OAX,Santa María Nduayaco,1/1/22,
424,OAX,Santa María Ozolotepec,1/1/22,
425,OAX,Santa María Pápalo,1/1/22,
426,OAX,Santa María Peñoles,1/1/22,
427,OAX,Santa María Petapa,1/1/22,
428,OAX,Santa María Quiegolani,1/1/22,
429,OAX,Santa María Sola,1/1/22,
430,OAX,Santa María Tataltepec,1/1/22,
431,OAX,Santa María Tecomavaca,1/1/22,
432,OAX,Santa María Temaxcalapa,1/1/22,
433,OAX,Santa María Temaxcaltepec,1/1/22,
434,OAX,Santa María Teopoxco,1/1/22,
435,OAX,Santa María Tepantlali,1/1/22,
436,OAX,Santa María Texcatitlán,1/1/22,
437,OAX,Santa María Tlahuitoltepec,1/1/22,
438,OAX,Santa María Tlalixtac,1/1/22,
439,OAX,Santa María Tonameca,1/1/22,
440,OAX,Santa María Totolapilla,1/1/22,
441,OAX,Santa María Xadani,1/1/22,
442,OAX,Santa María Yalina,1/1/22,
443,OAX,Santa María Yavesía,1/1/22,
444,OAX,Santa María Yolotepec,1/1/22,
445,OAX,Santa María Yosoyúa,1/1/22,
446,OAX,Santa María Yucuhiti,1/1/22,
447,OAX,Santa María Zacatepec,1/1/22,
448,OAX,Santa María Zaniza,1/1/22,
449,OAX,Santa María Zoquitlán,1/1/22,
450,OAX,Santiago Amoltepec,1/1/22,
451,OAX,Santiago Apoala,1/1/22,
452,OAX,Santiago Apóstol,1/1/22,
453,OAX,Santiago Astata,1/1/22,
454,OAX,Santiago Atitlán,1/1/22,
455,OAX,Santiago Ayuquililla,1/1/22,
456,OAX,Santiago Cacaloxtepec,1/1/22,
457,OAX,Santiago Camotlán,1/1/22,
458,OAX,Santiago Comaltepec,1/1/22,
459,OAX,Santiago Chazumba,1/1/22,
460,OAX,Santiago Choápam,1/1/22,
461,OAX,Santiago del Río,1/1/22,
462,OAX,Santiago Huajolotitlán,1/1/22,
463,OAX,Santiago Huauclilla,1/1/22,
464,OAX,Santiago Ihuitlán Plumas,1/1/22,
465,OAX,Santiago Ixcuintepec,1/1/22,
466,OAX,Santiago Ixtayutla,1/1/22,
467,OAX,Santiago Jamiltepec,1/1/22,
468,OAX,Santiago Jocotepec,1/1/22,
469,OAX,Santiago Juxtlahuaca,1/1/22,
470,OAX,Santiago Lachiguiri,1/1/22,
471,OAX,Santiago Lalopa,1/1/22,
472,OAX,Santiago Laollaga,1/1/22,
473,OAX,Santiago Laxopa,1/1/22,
474,OAX,Santiago Llano Grande,1/1/22,
475,OAX,Santiago Matatlán,1/1/22,
476,OAX,Santiago Miltepec,1/1/22,
477,OAX,Santiago Minas,1/1/22,
478,OAX,Santiago Nacaltepec,1/1/22,
479,OAX,Santiago Nejapilla,1/1/22,
480,OAX,Santiago Nundiche,1/1/22,
481,OAX,Santiago Nuyoó,1/1/22,
482,OAX,Santiago Pinotepa Nacional,1/1/22,
483,OAX,Santiago Suchilquitongo,1/1/22,
484,OAX,Santiago Tamazola,1/1/22,
485,OAX,Santiago Tapextla,1/1/22,
486,OAX,Villa Tejúpam de la Unión,1/1/22,
487,OAX,Santiago Tenango,1/1/22,
488,OAX,Santiago Tepetlapa,1/1/22,
489,OAX,Santiago Tetepec,1/1/22,
490,OAX,Santiago Texcalcingo,1/1/22,
491,OAX,Santiago Textitlán,1/1/22,
492,OAX,Santiago Tilantongo,1/1/22,
493,OAX,Santiago Tillo,1/1/22,
494,OAX,Santiago Tlazoyaltepec,1/1/22,
495,OAX,Santiago Xanica,1/1/22,
496,OAX,Santiago Xiacuí,1/1/22,
497,OAX,Santiago Yaitepec,1/1/22,
498,OAX,Santiago Yaveo,1/1/22,
499,OAX,Santiago Yolomécatl,1/1/22,
500,OAX,Santiago Yosondúa,1/1/22,
501,OAX,Santiago Yucuyachi,1/1/22,
502,OAX,Santiago Zacatepec,1/1/22,
503,OAX,Santiago Zoochila,1/1/22,
504,OAX,Nuevo Zoquiápam,1/1/22,
505,OAX,Santo Domingo Ingenio,1/1/22,
506,OAX,Santo Domingo Albarradas,1/1/22,
507,OAX,Santo Domingo Armenta,1/1/22,
508,OAX,Santo Domingo Chihuitán,1/1/22,
509,OAX,Santo Domingo de Morelos,1/1/22,
510,OAX,Santo Domingo Ixcatlán,1/1/22,
511,OAX,Santo Domingo Nuxaá,1/1/22,
512,OAX,Santo Domingo Ozolotepec,1/1/22,
513,OAX,Santo Domingo Petapa,1/1/22,
514,OAX,Santo Domingo Roayaga,1/1/22,
515,OAX,Santo Domingo Tehuantepec,1/1/22,
516,OAX,Santo Domingo Teojomulco,1/1/22,
517,OAX,Santo Domingo Tepuxtepec,1/1/22,
518,OAX,Santo Domingo Tlatayápam,1/1/22,
519,OAX,Santo Domingo Tomaltepec,1/1/22,
520,OAX,Santo Domingo Tonalá,1/1/22,
521,OAX,Santo Domingo Tonaltepec,1/1/22,
522,OAX,Santo Domingo Xagacía,1/1/22,
523,OAX,Santo Domingo Yanhuitlán,1/1/22,
524,OAX,Santo Domingo Yodohino,1/1/22,
525,OAX,Santo Domingo Zanatepec,1/1/22,
526,OAX,Santos Reyes Nopala,1/1/22,
527,OAX,Santos Reyes Pápalo,1/1/22,
528,OAX,Santos Reyes Tepejillo,1/1/22,
529,OAX,Santos Reyes Yucuná,1/1/22,
530,OAX,Santo Tomás Jalieza,1/1/22,
531,OAX,Santo Tomás Mazaltepec,1/1/22,
532,OAX,Santo Tomás Ocotepec,1/1/22,
533,OAX,Santo Tomás Tamazulapan,1/1/22,
534,OAX,San Vicente Coatlán,1/1/22,
535,OAX,San Vicente Lachixío,1/1/22,
536,OAX,San Vicente Nuñú,1/1/22,
537,OAX,Silacayoápam,1/1/22,
538,OAX,Sitio de Xitlapehua,1/1/22,
539,OAX,Soledad Etla,1/1/22,
540,OAX,Villa de Tamazulápam del Progreso,1/1/22,
541,OAX,Tanetze de Zaragoza,1/1/22,
542,OAX,Taniche,1/1/22,
543,OAX,Tataltepec de Valdés,1/1/22,
544,OAX,Teococuilco de Marcos Pérez,1/1/22,
545,OAX,Teotitlán de Flores Magón,1/1/22,
546,OAX,Teotitlán del Valle,1/1/22,
547,OAX,Teotongo,1/1/22,
548,OAX,Tepelmeme Villa de Morelos,1/1/22,
549,OAX,Tezoatlán de Segura y Luna,1/1/22,
550,OAX,San Jerónimo Tlacochahuaya,1/1/22,
551,OAX,Tlacolula de Matamoros,1/1/22,
552,OAX,Tlacotepec Plumas,1/1/22,
553,OAX,Tlalixtac de Cabrera,1/1/22,
554,OAX,Totontepec Villa de Morelos,1/1/22,
555,OAX,Trinidad Zaachila,1/1/22,
556,OAX,La Trinidad Vista Hermosa,1/1/22,
557,OAX,Unión Hidalgo,1/1/22,
558,OAX,Valerio Trujano,1/1/22,
559,OAX,San Juan Bautista Valle Nacional,1/1/22,
560,OAX,Villa Díaz Ordaz,1/1/22,
561,OAX,Yaxe,1/1/22,
562,OAX,Magdalena Yodocono de Porfirio Díaz,1/1/22,
563,OAX,Yogana,1/1/22,
564,OAX,Yutanduchi de Guerrero,1/1/22,
565,OAX,Villa de Zaachila,1/1/22,
566,OAX,San Mateo Yucutindoo,1/1/22,
567,OAX,Zapotitlán Lagunas,1/1/22,
568,OAX,Zapotitlán Palmas,1/1/22,
569,OAX,Santa Inés de Zaragoza,1/1/22,
570,OAX,Zimatlán de Álvarez,1/1/22,
